Contract_number_masked,Customer_ID_masked,Customer_segment,Line_of_business,Product_type,Annual_premium,Payment_frequency,Customer_age,Customer_type,Customer_region,Customer_province,Customer_urbanization,Broker_region,Broker_province,Broker_urbanization,Broker_cor,probability_direct_debit
VFL***077,942***0.0,Retail,P - Liability,P01 - FAMILY P,64.38,Quarterly,D = 40-69,Physical person,FLA,VAN,Rural,FLA,VAN,Rural,114989841.0,0.4926540472913515
JPB***261,599***9.0,Retail,P - Liability,P01 - FAMILY P,56.14,Quarterly,S = +69,Physical person,FLA,VOV,Rural,FLA,VOV,Rural,6391674023.0,0.4814412434504494
COD***104,965***3.0,Retail,P - Liability,P01 - FAMILY P,56.39,Quarterly,S = +69,Physical person,FLA,VAN,Rural,FLA,VAN,Rural,9314985846.0,0.4755025169215378
RJK***533,918***1.0,Retail,P - Liability,P01 - FAMILY P,59.97,Quarterly,C = 30-39,Physical person,FLA,VAN,Rural,FLA,VAN,Rural,8611614078.0,0.47407061081911556
KMF***150,955***5.0,Retail,P - Liability,P01 - FAMILY P,20.73,Quarterly,C = 30-39,Physical person,FLA,VOV,Rural,FLA,VOV,Rural,7571641514.0,0.47072414781869765
GUF***508,867***5.0,Retail,P - Liability,P01 - FAMILY P,90.83,Quarterly,S = +69,Physical person,FLA,VAN,Rural,FLA,VAN,Rural,4328455693.0,0.464736592507963
ZVH***544,434***8.0,Retail,P - Liability,P01 - FAMILY P,62.22,Quarterly,D = 40-69,Physical person,FLA,VOV,Rural,FLA,VOV,Urban,854198632.0,0.46214569114734194
VTR***693,318***4.0,Retail,P - Liability,P01 - FAMILY P,74.82,Quarterly,D = 40-69,Physical person,FLA,VAN,Rural,FLA,VAN,Rural,6788505685.0,0.45267645351559405
ZZI***418,812***0.0,Retail,P - Liability,P01 - FAMILY P,93.55,Quarterly,D = 40-69,Physical person,WAL,WNA,Rural,WAL,WNA,Rural,5733737915.0,0.4487316663771626
AIZ***704,882***2.0,Retail,P - Liability,P01 - FAMILY P,86.98,Quarterly,D = 40-69,Physical person,FLA,VOV,Rural,FLA,VOV,Rural,8196603272.0,0.4450548442834649
BWW***753,948***3.0,Retail,P - Liability,P01 - FAMILY P,57.8,Quarterly,D = 40-69,Physical person,FLA,VOV,Rural,FLA,VOV,Urban,8905656238.0,0.44497925060107313
QNL***268,822***2.0,Retail,P - Liability,P01 - FAMILY P,67.0,Quarterly,D = 40-69,Physical person,FLA,VOV,Rural,FLA,VOV,Urban,6644939670000000.0,0.4432550860331768
WTU***785,953***9.0,Retail,P - Liability,P01 - FAMILY P,106.34,Quarterly,C = 30-39,Physical person,FLA,VAN,Rural,FLA,VAN,Rural,8987608986.0,0.44093753177191436
VES***577,493***7.0,Retail,P - Liability,P01 - FAMILY P,90.81,Quarterly,D = 40-69,Physical person,FLA,VAN,Rural,FLA,VAN,Rural,5371811787.0,0.4401618070858215
RNA***833,820***5.0,Retail,I - Property,I01 - HABITAT.,77.14,Quarterly,S = +69,Physical person,FLA,VAN,Rural,FLA,VAN,Rural,7776034720000000.0,0.43962055094777974
PWV***517,752***0.0,Retail,P - Liability,P01 - FAMILY P,70.15,Quarterly,S = +69,Physical person,FLA,VOV,Rural,FLA,VOV,Rural,7363826771.0,0.4391520651319488
RBC***158,953***6.0,Retail,P - Liability,P01 - FAMILY P,57.8,Quarterly,D = 40-69,Physical person,FLA,VWV,Rural,FLA,VWV,Urban,8718102157.0,0.43697178773162626
IDO***319,955***9.0,Retail,P - Liability,P01 - FAMILY P,62.03,Quarterly,D = 40-69,Physical person,FLA,VOV,Urban,FLA,VOV,Rural,7571641514.0,0.4365036154447238
GHB***079,800***7.0,Retail,P - Liability,P01 - FAMILY P,93.55,Quarterly,D = 40-69,Physical person,FLA,VWV,Rural,FLA,VWV,Urban,6049249703.0,0.43169194976037173
NCC***479,305***1.0,Retail,P - Liability,P01 - FAMILY P,70.15,Quarterly,D = 40-69,Physical person,FLA,VWV,Urban,FLA,VWV,Urban,7384032353.0,0.4316048866473959
RMS***529,958***4.0,Retail,P - Liability,P01 - FAMILY P,56.12,Quarterly,S = +69,Physical person,FLA,VWV,Urban,FLA,VWV,Urban,8718102157.0,0.42915852566760854
ZID***288,918***9.0,Retail,N - Accident,N05 - IND CIRC,67.81,Quarterly,D = 40-69,Physical person,WAL,WNA,Rural,WAL,WLG,Rural,9736182342.0,0.4291351402166188
OEU***819,936***3.0,Retail,N - Accident,N05 - IND CIRC,48.23,Quarterly,D = 40-69,Physical person,WAL,WNA,Rural,WAL,WNA,Rural,1097004192.0,0.4285900736460644
LBC***853,849***7.0,Retail,P - Liability,P01 - FAMILY P,72.64,Quarterly,D = 40-69,Physical person,FLA,VOV,Rural,FLA,VOV,Rural,8575015432.0,0.42664653054711565
ERH***898,952***0.0,Retail,P - Liability,P01 - FAMILY P,61.59,Quarterly,D = 40-69,Physical person,FLA,VWV,Rural,FLA,VWV,Rural,8231207162.0,0.4254423423572737
GYA***792,953***8.0,Retail,P - Liability,P01 - FAMILY P,68.44,Quarterly,D = 40-69,Physical person,FLA,VOV,Urban,FLA,VOV,Urban,6093130059.0,0.4252754303220802
AHL***239,961***9.0,Retail,P - Liability,P01 - FAMILY P,58.17,Quarterly,D = 40-69,Physical person,FLA,VWV,Rural,FLA,VWV,Rural,8231207162.0,0.4242728247786038
IXW***540,950***7.0,Retail,P - Liability,P01 - FAMILY P,66.35,Quarterly,D = 40-69,Physical person,FLA,VAN,Rural,FLA,VAN,Rural,114989841.0,0.421898243727505
DOT***949,969***1.0,Retail,N - Accident,N05 - IND CIRC,58.05,Quarterly,D = 40-69,Physical person,WAL,WNA,Rural,WAL,WNA,Rural,9450207590000000.0,0.41488941073957314
KHM***758,918***1.0,Retail,I - Property,I01 - HABITAT.,94.0,Quarterly,C = 30-39,Physical person,FLA,VAN,Rural,FLA,VAN,Rural,8611614078.0,0.4136051037963906
PQG***510,939***5.0,Retail,P - Liability,P01 - FAMILY P,59.04,Quarterly,D = 40-69,Physical person,FLA,VWV,Rural,FLA,VWV,Rural,100233583.0,0.41239282199510696
BSS***270,861***2.0,Retail,P - Liability,P01 - FAMILY P,84.19,Quarterly,D = 40-69,Physical person,FLA,VAN,Rural,FLA,VAN,Rural,114989841.0,0.41237882078249755
PBB***669,874***1.0,Retail,P - Liability,P01 - FAMILY P,90.83,Quarterly,C = 30-39,Physical person,WAL,WNA,Rural,WAL,WNA,Rural,8808502235.0,0.41190198450354487
YZD***660,968***5.0,Retail,P - Liability,P01 - FAMILY P,93.54,Quarterly,D = 40-69,Physical person,FLA,VWV,Urban,FLA,VWV,Rural,8231207162.0,0.41106943057365447
KQH***398,916***7.0,Retail,P - Liability,P01 - FAMILY P,91.27,Quarterly,D = 40-69,Physical person,FLA,VAN,Rural,FLA,VAN,Rural,7149399044.0,0.4084611688056977
JLC***131,948***0.0,Retail,P - Liability,P01 - FAMILY P,47.91,Quarterly,C = 30-39,Physical person,FLA,VWV,Urban,FLA,VWV,Rural,8231207162.0,0.40559436715990654
NVD***041,889***4.0,Retail,P - Liability,P01 - FAMILY P,71.9,Quarterly,D = 40-69,Physical person,FLA,VWV,Rural,FLA,VWV,Rural,7448772459999990.0,0.4055252289254033
ASZ***954,873***6.0,Retail,N - Accident,N05 - IND CIRC,55.81,Quarterly,D = 40-69,Physical person,WAL,WNA,Rural,WAL,WHT,Rural,1038002928.0,0.4049568658376143
LJX***791,363***9.0,Retail,P - Liability,P01 - FAMILY P,72.5,Quarterly,D = 40-69,Physical person,FLA,VOV,Urban,FLA,VOV,Rural,8514348448.0,0.4039058166321595
VRK***183,907***3.0,Retail,A - Motor,A01 - TA/PRIVE,313.89,Quarterly,S = +69,Physical person,FLA,VAN,Rural,FLA,VAN,Rural,8028972478.0,0.40389098994230493
FXU***896,936***7.0,Retail,P - Liability,P01 - FAMILY P,56.12,Quarterly,S = +69,Physical person,FLA,VLI,Rural,FLA,VLI,Urban,9315227891.0,0.4028705104602255
BUH***262,902***9.0,Retail,P - Liability,P01 - FAMILY P,66.35,Quarterly,D = 40-69,Physical person,FLA,VAN,Rural,FLA,VAN,Rural,8287951798.0,0.4008424821626655
PJH***059,837***0.0,Retail,N - Accident,N05 - IND CIRC,54.08,Quarterly,D = 40-69,Physical person,WAL,WNA,Rural,WAL,WHT,Rural,7237256931.0,0.40070051929341083
MZV***017,963***0.0,Retail,P - Liability,P01 - FAMILY P,68.44,Quarterly,D = 40-69,Physical person,FLA,VAN,Rural,FLA,VAN,Rural,9314985846.0,0.4004482627601089
TUG***060,401***7.0,Retail,P - Liability,P01 - FAMILY P,90.82,Quarterly,D = 40-69,Physical person,WAL,WNA,Rural,WAL,WNA,Rural,1097004192.0,0.4001924540339891
VBL***466,959***7.0,Retail,P - Liability,P01 - FAMILY P,80.54,Quarterly,D = 40-69,Physical person,FLA,VAN,Rural,FLA,VAN,Rural,114989841.0,0.39756810143369536
FEG***838,867***5.0,Retail,I - Property,I01 - HABITAT.,73.19,Quarterly,S = +69,Physical person,FLA,VAN,Rural,FLA,VAN,Rural,4328455693.0,0.39686016829249476
JUE***329,861***1.0,Retail,P - Liability,P01 - FAMILY P,93.09,Quarterly,D = 40-69,Physical person,FLA,VOV,Urban,WAL,WHT,Rural,8683563283.0,0.3947646915296557
IKK***112,898***0.0,Retail,P - Liability,P01 - FAMILY P,93.55,Quarterly,D = 40-69,Physical person,FLA,VOV,Urban,FLA,VOV,Urban,7671310770000000.0,0.39471480581971563
PHM***847,910***5.0,Retail,P - Liability,P01 - FAMILY P,93.09,Quarterly,C = 30-39,Physical person,WAL,WBR,Rural,WAL,WNA,Rural,8688137046.0,0.3946899114226954
IOR***058,305***1.0,Retail,N - Accident,N05 - IND CIRC,138.26,Quarterly,D = 40-69,Physical person,FLA,VWV,Urban,FLA,VWV,Urban,7384032353.0,0.3937822750866377
FON***644,803***6.0,Retail,P - Liability,P01 - FAMILY P,90.82,Quarterly,D = 40-69,Physical person,FLA,VAN,Rural,FLA,VAN,Rural,9012315535.0,0.3935732076295477
DPP***647,939***4.0,Retail,P - Liability,P01 - FAMILY P,90.82,Quarterly,D = 40-69,Physical person,FLA,VOV,Urban,FLA,VOV,Rural,128989164.0,0.39249399891601455
LVB***605,928***4.0,Retail,P - Liability,P01 - FAMILY P,77.17,Quarterly,D = 40-69,Physical person,FLA,VWV,Urban,FLA,VWV,Rural,100233583.0,0.39179189342591864
XPP***202,941***1.0,Retail,I - Property,I01 - HABITAT.,302.75,Quarterly,C = 30-39,Physical person,FLA,VOV,Rural,FLA,VOV,Rural,9119801543.0,0.3916109780471519
SMQ***662,934***1.0,Retail,N - Accident,N05 - IND CIRC,45.16,Quarterly,D = 40-69,Physical person,FLA,VLI,Rural,FLA,VLI,Rural,8989459565.0,0.39119024595303215
ZUF***943,844***2.0,Retail,P - Liability,P01 - FAMILY P,50.48,Quarterly,D = 40-69,Physical person,FLA,VWV,Urban,FLA,VWV,Urban,901037484.0,0.39111033452079985
JHI***379,898***0.0,Retail,P - Liability,P01 - FAMILY P,90.83,Quarterly,D = 40-69,Physical person,FLA,VWV,Urban,FLA,VWV,Urban,8106056348.0,0.39031005219333825
LZR***616,811***1.0,Retail,P - Liability,P01 - FAMILY P,70.15,Quarterly,D = 40-69,Physical person,FLA,VOV,Rural,FLA,VOV,Rural,9698983734.0,0.390131374945892
FHQ***970,953***3.0,Retail,P - Liability,P01 - FAMILY P,55.07,Quarterly,D = 40-69,Physical person,FLA,VWV,Urban,FLA,VWV,Urban,4133104108.0,0.38950524258239044
UEC***509,953***7.0,Retail,P - Liability,P01 - FAMILY P,70.88,Quarterly,D = 40-69,Physical person,FLA,VOV,Urban,FLA,VOV,Rural,128989164.0,0.38915253469813704
XPZ***562,951***9.0,Retail,N - Accident,N05 - IND CIRC,77.16,Quarterly,D = 40-69,Physical person,FLA,VWV,Rural,FLA,VWV,Rural,8231207162.0,0.3886856907447328
XPE***737,917***7.0,Retail,P - Liability,P01 - FAMILY P,80.88,Quarterly,D = 40-69,Physical person,FLA,VAN,Rural,FLA,VAN,Rural,8611614078.0,0.38845642061296287
ZAJ***821,951***9.0,Retail,P - Liability,P01 - FAMILY P,78.71,Quarterly,D = 40-69,Physical person,FLA,VWV,Rural,FLA,VWV,Rural,8231207162.0,0.38729943428576064
TGH***597,651***1.0,Retail,I - Property,I01 - HABITAT.,126.97,Quarterly,D = 40-69,Physical person,FLA,VBR,Rural,WAL,WBR,Rural,8088493309999990.0,0.3869333030598415
VTJ***950,945***3.0,Retail,I - Property,I01 - HABITAT.,114.79,Quarterly,C = 30-39,Physical person,FLA,VAN,Rural,FLA,VAN,Rural,114989841.0,0.386528656856799
CID***320,840***5.0,Retail,N - Accident,N05 - IND CIRC,56.66,Annually,D = 40-69,Physical person,WAL,WNA,Rural,WAL,WNA,Rural,9450207590000000.0,0.3865026342146468
PSE***830,122***3.0,Retail,N - Accident,N05 - IND CIRC,54.57,Annually,D = 40-69,Physical person,WAL,WNA,Rural,WAL,WNA,Rural,9450207590000000.0,0.38627669196050185
RKJ***083,949***2.0,Retail,A - Motor,A01 - TA/PRIVE,511.87,Quarterly,S = +69,Physical person,FLA,VAN,Rural,FLA,VAN,Rural,114989841.0,0.3852436607952234
HRA***929,978***2.0,Retail,N - Accident,N05 - IND CIRC,94.37,Quarterly,D = 40-69,Physical person,WAL,WNA,Rural,WAL,WNA,Rural,7907077426.0,0.3844230892018974
CHV***389,936***8.0,Retail,P - Liability,P01 - FAMILY P,47.91,Quarterly,D = 40-69,Physical person,WAL,WNA,Rural,WAL,WNA,Rural,9080915401.0,0.3836555809162005
HBJ***823,926***8.0,Retail,P - Liability,P01 - FAMILY P,56.88,Quarterly,D = 40-69,Physical person,FLA,VAN,Rural,FLA,VAN,Rural,8611614078.0,0.3829651434341045
UNV***545,931***5.0,Retail,P - Liability,P01 - FAMILY P,74.83,Quarterly,D = 40-69,Physical person,WAL,WNA,Rural,WAL,WNA,Rural,9064359811.0,0.38181278371964245
AWF***851,963***2.0,Retail,P - Liability,P01 - FAMILY P,47.52,Quarterly,B = 25-29,Physical person,FLA,VWV,Urban,FLA,VWV,Urban,8718102157.0,0.381587331000939
YVY***121,883***8.0,Retail,P - Liability,P01 - FAMILY P,93.54,Quarterly,D = 40-69,Physical person,WAL,WNA,Urban,WAL,WNA,Rural,6812887198.0,0.38136213980415234
IJC***065,904***8.0,Retail,P - Liability,P01 - FAMILY P,90.82,Quarterly,D = 40-69,Physical person,FLA,VWV,Rural,FLA,VWV,Rural,6322015467.0,0.3812006711734429
EMN***783,959***0.0,Retail,P - Liability,P01 - FAMILY P,49.28,Quarterly,B = 25-29,Physical person,FLA,VWV,Urban,FLA,VWV,Urban,8718102157.0,0.3811305673844098
ZHL***610,882***0.0,Retail,P - Liability,P01 - FAMILY P,90.83,Quarterly,C = 30-39,Physical person,BRU,BRU,Rural,WAL,WBR,Urban,6858299294.0,0.3805044567928649
IKU***045,408***4.0,Retail,A - Motor,A01 - TA/PRIVE,353.56,Quarterly,S = +69,Physical person,FLA,VAN,Rural,FLA,VAN,Rural,7202780981.0,0.3800628066021419
PTE***097,965***3.0,Retail,I - Property,I01 - HABITAT.,140.66,Quarterly,S = +69,Physical person,FLA,VAN,Rural,FLA,VAN,Rural,9314985846.0,0.3789494544720335
XRR***332,901***1.0,Retail,P - Liability,P01 - FAMILY P,72.66,Quarterly,D = 40-69,Physical person,FLA,VWV,Rural,FLA,VWV,Rural,6425517365.0,0.37852521284402463
TEZ***763,816***6.0,Retail,P - Liability,P01 - FAMILY P,57.82,Quarterly,S = +69,Physical person,FLA,VLI,Rural,FLA,VLI,Rural,6526055129999990.0,0.37843107761583217
SYN***956,955***5.0,Retail,I - Property,I01 - HABITAT.,311.38,Quarterly,C = 30-39,Physical person,FLA,VOV,Rural,FLA,VOV,Rural,7571641514.0,0.3782424891753853
HBF***992,949***2.0,Retail,I - Property,I01 - HABITAT.,40.29,Quarterly,D = 40-69,Physical person,WAL,WLG,Rural,WAL,WLG,Rural,8463822472.0,0.37688529181451
VQV***549,904***0.0,Retail,N - Accident,N05 - IND CIRC,75.84,Quarterly,D = 40-69,Physical person,WAL,WNA,Rural,WAL,WNA,Rural,5973690254.0,0.3763990472348035
GND***754,871***8.0,Retail,P - Liability,P01 - FAMILY P,93.55,Quarterly,D = 40-69,Physical person,WAL,WHT,Rural,WAL,WHT,Rural,1019366313.0,0.3762570898194847
KAW***020,891***4.0,Retail,P - Liability,P01 - FAMILY P,69.37,Quarterly,S = +69,Physical person,FLA,VOV,Rural,FLA,VOV,Rural,8196603272.0,0.3759988576384588
FAM***385,927***2.0,Retail,A - Motor,A01 - TA/PRIVE,334.14,Quarterly,S = +69,Physical person,FLA,VAN,Rural,FLA,VAN,Rural,114989841.0,0.3753399700975118
EOD***667,965***3.0,Retail,A - Motor,A01 - TA/PRIVE,416.61,Quarterly,S = +69,Physical person,FLA,VAN,Rural,FLA,VAN,Rural,9314985846.0,0.37527852407923673
MJS***542,899***2.0,Retail,A - Motor,A01 - TA/PRIVE,462.05,Quarterly,S = +69,Physical person,FLA,VAN,Rural,FLA,VAN,Rural,6132331826.0,0.37527545440031934
VOE***609,944***5.0,Retail,N - Accident,N05 - IND CIRC,119.49,Quarterly,D = 40-69,Physical person,FLA,VWV,Urban,FLA,VWV,Rural,9314985846.0,0.3750563060756996
QPA***117,958***2.0,Retail,P - Liability,P01 - FAMILY P,93.54,Quarterly,C = 30-39,Physical person,WAL,WLG,Rural,FLA,PTS,Urban,9315227891.0,0.37379481966219075
RUN***789,797***9.0,Retail,P - Liability,P01 - FAMILY P,93.55,Quarterly,D = 40-69,Physical person,FLA,VWV,Rural,FLA,VWV,Rural,8071975448.0,0.37360636909173983
JDH***994,936***8.0,Retail,I - Property,I01 - HABITAT.,96.52,Quarterly,D = 40-69,Physical person,WAL,WNA,Rural,WAL,WNA,Rural,9080915401.0,0.37307927694622606
YMH***612,957***1.0,Retail,P - Liability,P01 - FAMILY P,51.33,Quarterly,D = 40-69,Physical person,WAL,WBR,Rural,FLA,PTS,Rural,2.02119240699999e+16,0.37094577382314353
MZK***271,936***7.0,Retail,I - Property,I01 - HABITAT.,36.45,Quarterly,D = 40-69,Physical person,FLA,VAN,Rural,FLA,VAN,Rural,193355949.0,0.3705625331435832
GNS***350,928***9.0,Retail,P - Liability,P01 - FAMILY P,72.65,Quarterly,C = 30-39,Physical person,FLA,VWV,Rural,FLA,VWV,Rural,8231544656.0,0.3705390073941412
FDN***624,828***3.0,Retail,I - Property,I01 - HABITAT.,73.47,Quarterly,D = 40-69,Physical person,FLA,VAN,Rural,FLA,VAN,Rural,9966798488.0,0.37037593225274607
FLH***580,833***6.0,Retail,A - Motor,A01 - TA/PRIVE,381.74,Quarterly,S = +69,Physical person,FLA,VAN,Rural,FLA,VAN,Rural,4328455693.0,0.37013979913488276
XEU***087,946***0.0,Retail,I - Property,I01 - HABITAT.,422.47,Quarterly,C = 30-39,Physical person,FLA,VOV,Urban,FLA,VOV,Rural,6484721227.0,0.3699167860665713
VBE***716,903***0.0,Midcorp,A - Motor,A02 - TA/PROF.,840.01,Semi-annually,No age,Enterprise,WAL,WLG,Rural,WAL,WLG,Rural,8602293501.0,0.36978832054394595
ABB***859,821***5.0,Retail,P - Liability,P01 - FAMILY P,93.55,Quarterly,D = 40-69,Physical person,FLA,VWV,Rural,FLA,VWV,Urban,8307765589.0,0.36973884384616906
WZH***016,966***8.0,Retail,N - Accident,N05 - IND CIRC,61.03,Quarterly,D = 40-69,Physical person,FLA,VLI,Rural,FLA,VLI,Rural,1.17351365099999e+16,0.36934945199932206
KZG***533,736***6.0,Retail,I - Property,I01 - HABITAT.,489.68,Quarterly,D = 40-69,Physical person,FLA,VOV,Rural,FLA,VOV,Rural,9119801543.0,0.36826582911679984
LGG***760,860***7.0,Retail,P - Liability,P01 - FAMILY P,93.55,Quarterly,D = 40-69,Physical person,WAL,WHT,Rural,WAL,WHT,Rural,1019366313.0,0.3678253227810446
AJN***039,947***8.0,Retail,P - Liability,P01 - FAMILY P,54.76,Quarterly,D = 40-69,Physical person,WAL,WLG,Rural,WAL,WNA,Rural,9080915401.0,0.3677889781291451
RLR***379,836***6.0,Retail,P - Liability,P01 - FAMILY P,58.28,Quarterly,D = 40-69,Physical person,FLA,VLI,Rural,FLA,VLI,Urban,8556926465.0,0.3672559278676842
UHW***994,935***0.0,Retail,P - Liability,P01 - FAMILY P,93.54,Quarterly,D = 40-69,Physical person,WAL,WNA,Rural,WAL,WNA,Rural,7907077426.0,0.3667585404559015
FVA***832,900***1.0,Retail,P - Liability,P01 - FAMILY P,93.54,Quarterly,D = 40-69,Physical person,WAL,WLG,Rural,WAL,WNA,Rural,7770774159999990.0,0.36647652610901366
XSG***903,849***7.0,Retail,N - Accident,N05 - IND CIRC,55.19,Quarterly,D = 40-69,Physical person,FLA,VOV,Rural,FLA,VOV,Rural,8575015432.0,0.3664188365368203
WGN***461,944***1.0,Retail,P - Liability,P01 - FAMILY P,57.8,Quarterly,D = 40-69,Physical person,FLA,VWV,Urban,FLA,VWV,Rural,9314985846.0,0.36630835842667664
ZPZ***563,890***4.0,Retail,P - Liability,P01 - FAMILY P,43.38,Quarterly,S = +69,Physical person,FLA,VLI,Rural,FLA,VLI,Rural,646706517.0,0.36619624680749285
KIB***746,133***0.0,Retail,A - Motor,A01 - TA/PRIVE,339.95,Quarterly,S = +69,Physical person,FLA,VAN,Rural,FLA,VAN,Rural,5587067725.0,0.36599033137093717
KOU***806,846***0.0,Retail,P - Liability,P01 - FAMILY P,148.4,Quarterly,C = 30-39,Physical person,FLA,VAN,Rural,FLA,VAN,Rural,7666721922.0,0.3657590741032978
EOK***263,930***6.0,Retail,P - Liability,P01 - FAMILY P,86.31,Quarterly,D = 40-69,Physical person,WAL,WBR,Rural,WAL,WNA,Rural,7512967009.0,0.3656998465255309
NPI***187,931***5.0,Retail,I - Property,I01 - HABITAT.,374.66,Quarterly,D = 40-69,Physical person,FLA,VOV,Rural,FLA,VOV,Rural,6900449434.0,0.36475025433795466
LQV***512,917***0.0,Retail,I - Property,I01 - HABITAT.,67.32,Quarterly,D = 40-69,Physical person,FLA,VAN,Rural,FLA,VAN,Rural,8611614078.0,0.3647203477618791
ZPK***682,937***7.0,Retail,I - Property,I01 - HABITAT.,75.59,Quarterly,S = +69,Physical person,FLA,VAN,Rural,FLA,VAN,Rural,5835748178.0,0.36449676916524754
XBY***186,935***9.0,Retail,P - Liability,P01 - FAMILY P,60.76,Quarterly,B = 25-29,Physical person,WAL,WNA,Rural,WAL,WNA,Rural,9080915401.0,0.36449626300959814
YXN***475,971***4.0,Retail,I - Property,I01 - HABITAT.,49.97,Quarterly,D = 40-69,Physical person,WAL,WBR,Rural,FLA,PTS,Rural,9189199097.0,0.36423655512340813
MBW***398,827***9.0,Retail,P - Liability,P01 - FAMILY P,90.83,Quarterly,D = 40-69,Physical person,WAL,WHT,Rural,WAL,WHT,Rural,8683563283.0,0.36237908201565733
LWO***025,938***4.0,Retail,N - Accident,N05 - IND CIRC,27.37,Quarterly,D = 40-69,Physical person,WAL,WLG,Rural,WAL,WLG,Rural,1380032298.0,0.3613830822243256
ESB***643,925***2.0,Retail,P - Liability,P01 - FAMILY P,91.27,Quarterly,C = 30-39,Physical person,FLA,VWV,Urban,FLA,VWV,Rural,7149399044.0,0.3612489208322818
ZKF***919,888***6.0,Retail,N - Accident,N05 - IND CIRC,56.21,Quarterly,D = 40-69,Physical person,WAL,WLG,Rural,WAL,WLG,Rural,9736182342.0,0.3608231362004028
UYE***682,846***3.0,Retail,P - Liability,P01 - FAMILY P,74.82,Quarterly,S = +69,Physical person,WAL,WNA,Rural,WAL,WNA,Rural,9450207590000000.0,0.35996161277806754
JXY***355,859***6.0,Retail,N - Accident,N05 - IND CIRC,56.19,Quarterly,C = 30-39,Physical person,WAL,WHT,Rural,WAL,WHT,Rural,8541969947.0,0.35873938259201665
SAL***662,956***0.0,Retail,P - Liability,P01 - FAMILY P,93.54,Quarterly,D = 40-69,Physical person,BRU,BRU,Rural,WAL,WBR,Rural,8556926465.0,0.3584939417808782
POA***523,951***7.0,Retail,A - Motor,A05 - CYCLO,199.7,Quarterly,S = +69,Physical person,FLA,VAN,Rural,FLA,VAN,Rural,193355949.0,0.35718708441987196
EST***950,836***9.0,Retail,P - Liability,P01 - FAMILY P,56.12,Quarterly,S = +69,Physical person,FLA,VWV,Urban,FLA,VWV,Urban,4476284068.0,0.3557803542185025
VUZ***927,701***2.0,Retail,P - Liability,P01 - FAMILY P,70.15,Quarterly,D = 40-69,Physical person,FLA,VWV,Rural,FLA,VWV,Urban,8307765589.0,0.35570921332980027
DMJ***123,932***6.0,Retail,I - Property,I01 - HABITAT.,96.13,Quarterly,D = 40-69,Physical person,WAL,WHT,Rural,WAL,WNA,Rural,7907077426.0,0.3553385539266231
NGW***695,816***8.0,SME,A - Motor,"A03 - <= 3,5 T",493.65,Quarterly,C = 30-39,Physical person,FLA,VOV,Urban,FLA,VOV,Rural,6484721227.0,0.3552051452080518
EDM***287,752***0.0,Retail,A - Motor,A05 - CYCLO,205.13,Quarterly,S = +69,Physical person,FLA,VOV,Rural,FLA,VOV,Rural,7363826771.0,0.3548356554233507
PWR***742,440***4.0,Retail,P - Liability,P01 - FAMILY P,48.91,Quarterly,S = +69,Physical person,FLA,VLI,Rural,FLA,VLI,Rural,6749595052.0,0.3540833876105268
QMI***031,868***2.0,Retail,N - Accident,N05 - IND CIRC,57.9,Quarterly,D = 40-69,Physical person,FLA,VAN,Rural,FLA,VAN,Rural,8987608986.0,0.3538841892543923
REO***979,921***8.0,Retail,P - Liability,P01 - FAMILY P,56.12,Quarterly,D = 40-69,Physical person,WAL,WNA,Rural,WAL,WNA,Rural,9450207590000000.0,0.3535628001105384
RAP***263,810***6.0,Retail,P - Liability,P01 - FAMILY P,74.84,Quarterly,S = +69,Physical person,WAL,WNA,Rural,WAL,WHT,Rural,1085233983.0,0.3534489456081261
IGX***740,953***0.0,Retail,P - Liability,P01 - FAMILY P,70.15,Quarterly,C = 30-39,Physical person,WAL,WHT,Rural,WAL,WNA,Rural,9870671947.0,0.3532666532755947
ALR***420,958***5.0,Retail,I - Property,I01 - HABITAT.,607.63,Quarterly,D = 40-69,Physical person,FLA,VOV,Rural,FLA,VOV,Rural,9119801543.0,0.3531704199798184
YYV***891,846***1.0,Retail,N - Accident,N05 - IND CIRC,54.63,Annually,D = 40-69,Physical person,WAL,WNA,Rural,WAL,WNA,Rural,9450207590000000.0,0.35275067847712444
JAX***319,923***9.0,Retail,P - Liability,P01 - FAMILY P,60.31,Quarterly,D = 40-69,Physical person,FLA,VAN,Rural,FLA,VAN,Rural,8611614078.0,0.35271712172450553
AAU***845,895***8.0,Retail,I - Property,I01 - HABITAT.,63.45,Quarterly,D = 40-69,Physical person,FLA,VOV,Rural,FLA,VOV,Rural,8196603272.0,0.35264763548124184
DKI***595,857***4.0,Retail,P - Liability,P01 - FAMILY P,72.65,Quarterly,D = 40-69,Physical person,FLA,VLI,Rural,FLA,VLI,Urban,9315227891.0,0.35208805913159685
ZMB***153,840***4.0,Retail,A - Motor,A01 - TA/PRIVE,315.64,Quarterly,S = +69,Physical person,FLA,VAN,Rural,FLA,VAN,Rural,5379764805.0,0.3519573895435714
ILR***236,939***9.0,Retail,N - Accident,N05 - IND CIRC,43.67,Quarterly,C = 30-39,Physical person,WAL,WLG,Urban,WAL,WLG,Rural,8678532335.0,0.3513924712220113
YPN***690,415***6.0,Retail,N - Accident,N05 - IND CIRC,56.81,Annually,D = 40-69,Physical person,WAL,WNA,Rural,WAL,WNA,Rural,9450207590000000.0,0.35139128005315184
ZRA***977,972***3.0,Retail,N - Accident,N05 - IND CIRC,72.2,Annually,D = 40-69,Physical person,WAL,WNA,Rural,WAL,WNA,Rural,9450207590000000.0,0.3513022051928118
AGH***546,496***2.0,Retail,N - Accident,N05 - IND CIRC,57.52,Annually,D = 40-69,Physical person,WAL,WNA,Rural,WAL,WNA,Rural,9450207590000000.0,0.3511750397924196
NOG***602,863***2.0,Retail,P - Liability,P01 - FAMILY P,103.26,Quarterly,C = 30-39,Physical person,FLA,VAN,Rural,FLA,VAN,Rural,7776034720000000.0,0.3511630192543398
PIU***518,436***3.0,Retail,N - Accident,N05 - IND CIRC,52.7,Annually,D = 40-69,Physical person,WAL,WNA,Rural,WAL,WNA,Rural,9450207590000000.0,0.35052880652983
RIR***388,348***0.0,Retail,N - Accident,N05 - IND CIRC,56.24,Quarterly,D = 40-69,Physical person,FLA,VAN,Rural,FLA,VAN,Rural,6264143489999990.0,0.34985690860451013
TQZ***714,907***3.0,Retail,I - Property,I01 - HABITAT.,434.23,Quarterly,S = +69,Physical person,FLA,VAN,Rural,FLA,VAN,Rural,8028972478.0,0.3490552764081021
QBW***211,844***8.0,Retail,N - Accident,N05 - IND CIRC,72.2,Annually,D = 40-69,Physical person,WAL,WNA,Rural,WAL,WNA,Rural,9450207590000000.0,0.34891483193128564
RHL***468,957***8.0,Retail,I - Property,I01 - HABITAT.,325.91,Quarterly,C = 30-39,Physical person,FLA,VLI,Rural,FLA,VLI,Rural,8267444128.0,0.3487571178551998
XKE***705,840***7.0,Retail,P - Liability,P01 - FAMILY P,86.34,Quarterly,D = 40-69,Physical person,WAL,WHT,Rural,FLA,PTS,Rural,100233583.0,0.34858254405643224
AWB***583,849***2.0,Retail,N - Accident,N05 - IND CIRC,55.54,Annually,D = 40-69,Physical person,WAL,WHT,Rural,WAL,WNA,Rural,9450207590000000.0,0.347324350378435
HRU***412,675***8.0,Retail,N - Accident,N05 - IND CIRC,81.15,Quarterly,D = 40-69,Physical person,FLA,VLI,Rural,FLA,VLI,Rural,5938979835.0,0.3471195496068413
BHA***662,877***5.0,Retail,P - Liability,P01 - FAMILY P,105.86,Quarterly,D = 40-69,Physical person,WAL,WHT,Rural,WAL,WHT,Rural,7674950305.0,0.34698482686893983
UJE***770,809***8.0,Retail,A - Motor,A01 - TA/PRIVE,335.48,Quarterly,S = +69,Physical person,FLA,VAN,Rural,FLA,VAN,Rural,1.106367574e+16,0.34697443369568437
NEB***534,878***3.0,Retail,N - Accident,N05 - IND CIRC,46.53,Quarterly,D = 40-69,Physical person,WAL,WHT,Rural,WAL,WHT,Rural,1038002928.0,0.34654892761795386
OIA***304,852***8.0,Retail,P - Liability,P01 - FAMILY P,103.26,Quarterly,D = 40-69,Physical person,WAL,WHT,Urban,WAL,WNA,Rural,7713798936.0,0.3461120334687759
SOS***142,898***8.0,Retail,P - Liability,P01 - FAMILY P,70.15,Quarterly,D = 40-69,Physical person,FLA,VWV,Rural,FLA,VWV,Rural,7242918993.0,0.34576846663434774
ROC***920,634***8.0,Retail,N - Accident,N05 - IND CIRC,37.6,Quarterly,D = 40-69,Physical person,WAL,WHT,Rural,WAL,WHT,Rural,5815549759.0,0.34559174615960897
GZY***040,917***7.0,Retail,I - Property,I01 - HABITAT.,308.93,Quarterly,C = 30-39,Physical person,FLA,VOV,Rural,FLA,VOV,Urban,8373680093.0,0.34521980677784975
IEM***111,949***2.0,Retail,P - Liability,P01 - FAMILY P,48.53,Quarterly,D = 40-69,Physical person,WAL,WLG,Rural,WAL,WLG,Rural,8463822472.0,0.3447284673989815
ETT***943,929***4.0,Retail,P - Liability,P01 - FAMILY P,91.27,Quarterly,C = 30-39,Physical person,WAL,WLG,Rural,WAL,WLG,Rural,1380032298.0,0.3446271838937763
YQY***330,927***3.0,Retail,P - Liability,P01 - FAMILY P,65.38,Quarterly,S = +69,Physical person,FLA,VOV,Urban,FLA,VOV,Urban,1369013626.0,0.3444772189267613
XFV***226,936***5.0,Retail,P - Liability,P01 - FAMILY P,93.54,Quarterly,D = 40-69,Physical person,WAL,WLG,Rural,WAL,WLG,Rural,9736182342.0,0.3443203825510789
FPM***974,752***6.0,Retail,I - Property,I01 - HABITAT.,370.74,Quarterly,D = 40-69,Physical person,FLA,VOV,Urban,FLA,VOV,Rural,1.03469771599999e+16,0.3440822817517521
ZWR***610,941***2.0,Retail,P - Liability,P01 - FAMILY P,72.65,Quarterly,D = 40-69,Physical person,FLA,VLI,Urban,FLA,VLI,Urban,9315227891.0,0.3437550673430742
KPO***414,362***0.0,Retail,I - Property,I01 - HABITAT.,493.74,Quarterly,D = 40-69,Physical person,FLA,VWV,Rural,FLA,VWV,Rural,7237905652.0,0.3428636773637578
AYD***244,921***8.0,Retail,N - Accident,N05 - IND CIRC,61.3,Quarterly,C = 30-39,Physical person,WAL,WNA,Rural,WAL,WHT,Rural,1079335537.0,0.34241585152112597
VQF***655,969***2.0,Retail,I - Property,I01 - HABITAT.,506.6,Quarterly,S = +69,Physical person,FLA,VAN,Rural,FLA,VAN,Rural,114989841.0,0.34217387059767573
ESY***392,907***3.0,Retail,N - Accident,N05 - IND CIRC,67.98,Annually,D = 40-69,Physical person,WAL,WNA,Rural,WAL,WNA,Rural,9450207590000000.0,0.3419188310492614
WLJ***045,820***4.0,Retail,N - Accident,N05 - IND CIRC,56.21,Quarterly,D = 40-69,Physical person,WAL,WLG,Rural,WAL,WLG,Rural,7800753939.0,0.3418857483181843
OET***879,829***5.0,Retail,P - Liability,P01 - FAMILY P,72.25,Quarterly,D = 40-69,Physical person,WAL,WNA,Rural,WAL,WHT,Rural,7757939047.0,0.3415351626191573
NJZ***787,345***5.0,Retail,I - Property,I01 - HABITAT.,600.14,Quarterly,D = 40-69,Physical person,FLA,VWV,Rural,FLA,VWV,Rural,7103645895.0,0.34120223718980464
CNT***684,635***9.0,Retail,N - Accident,N05 - IND CIRC,86.76,Quarterly,D = 40-69,Physical person,FLA,VWV,Rural,FLA,VWV,Rural,1.025805039e+16,0.34120000084191465
JWH***639,820***9.0,Retail,P - Liability,P01 - FAMILY P,72.05,Quarterly,S = +69,Physical person,WAL,WHT,Rural,WAL,WNA,Rural,9450207590000000.0,0.341177097582387
QQF***694,996***7.0,Retail,N - Accident,N05 - IND CIRC,57.89,Quarterly,D = 40-69,Physical person,WAL,WLG,Rural,WAL,WLG,Rural,8031844877.0,0.3411540844068803
FSF***323,925***8.0,Retail,I - Property,I01 - HABITAT.,55.21,Quarterly,D = 40-69,Physical person,WAL,WNA,Rural,WAL,WNA,Rural,5970420102.0,0.34104759747701396
XIC***272,927***7.0,Retail,I - Property,I01 - HABITAT.,312.15,Quarterly,C = 30-39,Physical person,FLA,VOV,Urban,FLA,VOV,Rural,6563937409.0,0.3410412418000993
ZFF***561,898***6.0,Retail,P - Liability,P01 - FAMILY P,57.53,Quarterly,S = +69,Physical person,FLA,VWV,Urban,FLA,VWV,Rural,7405494054.0,0.34086841750525104
UVZ***365,938***8.0,Retail,I - Property,I01 - HABITAT.,515.58,Quarterly,D = 40-69,Physical person,FLA,VAN,Rural,FLA,VAN,Rural,6788505685.0,0.3405825928126031
ZWO***953,105***0.0,Retail,I - Property,I01 - HABITAT.,120.22,Quarterly,D = 40-69,Physical person,WAL,WLG,Rural,WAL,WLG,Rural,8243182142.0,0.34016242859216544
CPK***951,319***7.0,Retail,N - Accident,N05 - IND CIRC,59.06,Annually,D = 40-69,Physical person,WAL,WNA,Rural,WAL,WNA,Rural,9450207590000000.0,0.3399883198944487
HOI***072,963***0.0,Retail,N - Accident,N05 - IND CIRC,56.23,Quarterly,D = 40-69,Physical person,FLA,VAN,Rural,FLA,VAN,Rural,9314985846.0,0.33996757445252646
KUY***137,480***0.0,Retail,N - Accident,N05 - IND CIRC,56.24,Quarterly,D = 40-69,Physical person,WAL,WLG,Rural,WAL,WLG,Rural,7800753939.0,0.33931133319481666
BQL***439,318***4.0,Retail,I - Property,I01 - HABITAT.,199.68,Quarterly,D = 40-69,Physical person,FLA,VAN,Rural,FLA,VAN,Rural,6788505685.0,0.33915581095969005
PPY***086,895***1.0,Retail,P - Liability,P01 - FAMILY P,90.82,Quarterly,D = 40-69,Physical person,WAL,WLG,Rural,WAL,WLG,Rural,9319664795.0,0.3383278054992319
PUC***391,790***0.0,Retail,P - Liability,P01 - FAMILY P,74.46,Quarterly,D = 40-69,Physical person,FLA,VLI,Rural,FLA,VLI,Rural,1008592106.0,0.33798601340210643
GPE***846,885***6.0,Retail,N - Accident,N05 - IND CIRC,48.01,Quarterly,D = 40-69,Physical person,FLA,VOV,Rural,FLA,VOV,Rural,7469581619.0,0.3377699593590153
ZEO***598,851***8.0,Retail,N - Accident,N05 - IND CIRC,55.35,Annually,D = 40-69,Physical person,WAL,WHT,Rural,WAL,WNA,Rural,9450207590000000.0,0.3374272281198199
BJM***863,932***4.0,Retail,P - Liability,P01 - FAMILY P,91.27,Quarterly,D = 40-69,Physical person,WAL,WLG,Rural,WAL,WLG,Rural,1380032298.0,0.3373840813471084
FXX***031,892***4.0,Retail,N - Accident,N05 - IND CIRC,34.57,Annually,D = 40-69,Physical person,WAL,WLG,Rural,WAL,WHT,Rural,1085233983.0,0.33729644974329515
SHI***447,923***1.0,Retail,P - Liability,P01 - FAMILY P,54.51,Quarterly,D = 40-69,Physical person,FLA,VLI,Rural,FLA,VLI,Rural,7538765561.0,0.337287736581621
QJY***443,882***2.0,Retail,I - Property,I01 - HABITAT.,425.54,Quarterly,D = 40-69,Physical person,FLA,VOV,Rural,FLA,VOV,Rural,8196603272.0,0.3369273500221766
GZV***839,922***6.0,Retail,I - Property,I01 - HABITAT.,351.79,Quarterly,D = 40-69,Physical person,FLA,VOV,Rural,FLA,VOV,Rural,6479582405.0,0.3365301110117162
RGH***226,937***7.0,Retail,I - Property,I01 - HABITAT.,520.56,Quarterly,S = +69,Physical person,FLA,VAN,Rural,FLA,VAN,Rural,5835748178.0,0.3363933314692877
PPQ***953,884***4.0,Retail,N - Accident,N05 - IND CIRC,42.85,Quarterly,D = 40-69,Physical person,FLA,VLI,Rural,FLA,VLI,Rural,6991305427.0,0.33554997855487206
RQA***141,871***4.0,Retail,P - Liability,P01 - FAMILY P,83.43,Quarterly,D = 40-69,Physical person,WAL,WHT,Rural,FLA,PTS,Rural,9399723366.0,0.33543031967327525
KWJ***372,881***3.0,Retail,N - Accident,N05 - IND CIRC,57.9,Quarterly,D = 40-69,Physical person,WAL,WHT,Rural,WAL,WHT,Rural,4946482967.0,0.3353116197091677
PII***771,953***7.0,Retail,I - Property,I01 - HABITAT.,57.59,Quarterly,D = 40-69,Physical person,FLA,VOV,Urban,FLA,VOV,Rural,128989164.0,0.33523066049342054
KMR***890,931***5.0,Retail,I - Property,I01 - HABITAT.,84.77,Quarterly,D = 40-69,Physical person,WAL,WNA,Rural,WAL,WNA,Rural,8480125356.0,0.3351715347474677
JWA***889,819***1.0,Retail,N - Accident,N05 - IND CIRC,57.9,Quarterly,S = +69,Physical person,WAL,WLG,Rural,WAL,WLG,Rural,7800753939.0,0.33502807901913106
ZMY***518,816***1.0,Retail,N - Accident,N05 - IND CIRC,63.49,Quarterly,S = +69,Physical person,FLA,VAN,Rural,FLA,VAN,Rural,7075577438.0,0.3345410731693116
HJU***653,879***2.0,Retail,I - Property,I01 - HABITAT.,51.11,Quarterly,D = 40-69,Physical person,FLA,VLI,Rural,FLA,VLI,Rural,4080237094.0,0.33441880873644025
LYP***050,960***4.0,Retail,I - Property,I01 - HABITAT.,98.33,Quarterly,D = 40-69,Physical person,WAL,WNA,Rural,WAL,WNA,Rural,9307869772.0,0.33437757476595253
UEL***657,866***0.0,Retail,P - Liability,P01 - FAMILY P,93.55,Quarterly,D = 40-69,Physical person,WAL,WLG,Rural,WAL,WLG,Rural,8350256164.0,0.33437548904347475
TKP***931,872***7.0,Retail,P - Liability,P01 - FAMILY P,90.83,Quarterly,D = 40-69,Physical person,WAL,WHT,Rural,WAL,WHT,Rural,8883422068.0,0.33434201366381816
POJ***129,745***6.0,Retail,N - Accident,N05 - IND CIRC,120.12,Quarterly,D = 40-69,Physical person,FLA,VAN,Rural,FLA,VAN,Rural,7776034720000000.0,0.3330440675800979
KIO***912,836***5.0,Retail,N - Accident,N05 - IND CIRC,54.86,Annually,D = 40-69,Physical person,WAL,WHT,Rural,WAL,WNA,Rural,9450207590000000.0,0.3329885507731995
LJC***980,929***5.0,Retail,P - Liability,P01 - FAMILY P,93.54,Quarterly,B = 25-29,Physical person,FLA,VWV,Urban,FLA,VWV,Rural,852227824.0,0.332983516241895
EVN***887,810***6.0,Retail,N - Accident,N05 - IND CIRC,45.2,Quarterly,S = +69,Physical person,WAL,WNA,Rural,WAL,WHT,Rural,1085233983.0,0.33250388361960753
ORZ***781,932***0.0,Retail,P - Liability,P01 - FAMILY P,93.54,Quarterly,D = 40-69,Physical person,WAL,WLG,Rural,WAL,WLG,Rural,1.507957433e+16,0.3324589103436492
KZH***101,857***8.0,Retail,N - Accident,N06 - IND PRIV,56.27,Quarterly,D = 40-69,Physical person,FLA,VLI,Rural,FLA,VLI,Rural,8119736213.0,0.3321524761607845
YKX***419,886***5.0,Retail,N - Accident,N05 - IND CIRC,48.01,Quarterly,D = 40-69,Physical person,FLA,VOV,Rural,FLA,VOV,Rural,8196603272.0,0.33195807857372317
VOA***067,458***1.0,Retail,N - Accident,N05 - IND CIRC,48.02,Quarterly,D = 40-69,Physical person,FLA,VOV,Rural,FLA,VOV,Rural,8196603272.0,0.33195807857372317
IBD***661,790***0.0,Retail,I - Property,I01 - HABITAT.,122.44,Quarterly,D = 40-69,Physical person,FLA,VLI,Rural,FLA,VLI,Rural,1008592106.0,0.3316067658008956
ZMW***589,872***9.0,Retail,N - Accident,N05 - IND CIRC,48.0,Quarterly,D = 40-69,Physical person,WAL,WHT,Rural,WAL,WHT,Rural,6776184942.0,0.3315595750331694
ZDO***785,930***9.0,Retail,P - Liability,P01 - FAMILY P,85.12,Quarterly,D = 40-69,Physical person,FLA,VWV,Rural,FLA,VWV,Rural,100233583.0,0.3315102122618843
LBW***224,636***0.0,Retail,P - Liability,P01 - FAMILY P,93.54,Quarterly,C = 30-39,Physical person,WAL,WLG,Rural,WAL,WLG,Rural,1380032298.0,0.33140123197593396
ATA***931,844***4.0,Retail,A - Motor,A01 - TA/PRIVE,355.64,Quarterly,S = +69,Physical person,FLA,VLI,Rural,FLA,VLI,Rural,7448510642.0,0.3312878494422927
RVD***655,599***9.0,Retail,A - Motor,A01 - TA/PRIVE,476.16,Quarterly,S = +69,Physical person,FLA,VOV,Rural,FLA,VOV,Rural,6391674023.0,0.3312015543571685
YBZ***217,934***8.0,Retail,I - Property,I01 - HABITAT.,175.95,Quarterly,C = 30-39,Physical person,FLA,VOV,Rural,FLA,VOV,Urban,7448772459999990.0,0.33095113212608235
TWS***092,919***3.0,Retail,N - Accident,N05 - IND CIRC,47.53,Quarterly,D = 40-69,Physical person,WAL,WHT,Rural,WAL,WHT,Rural,1.226569648e+16,0.33087239452636785
VPS***180,929***3.0,Retail,N - Accident,N05 - IND CIRC,56.06,Quarterly,D = 40-69,Physical person,WAL,WHT,Urban,FLA,PTS,Rural,100233583.0,0.3308288046829756
MHC***299,813***5.0,Retail,P - Liability,P01 - FAMILY P,72.25,Quarterly,D = 40-69,Physical person,WAL,WHT,Urban,WAL,WNA,Rural,7770774159999990.0,0.329950449492834
VEF***485,812***4.0,Retail,A - Motor,A01 - TA/PRIVE,356.6,Quarterly,S = +69,Physical person,FLA,VOV,Rural,FLA,VOV,Rural,9698983734.0,0.32991572377709416
NAJ***143,816***9.0,Retail,A - Motor,A01 - TA/PRIVE,344.6,Quarterly,S = +69,Physical person,FLA,VAN,Rural,FLA,VAN,Rural,6788505685.0,0.32985654271578874
SUP***782,836***8.0,Retail,A - Motor,A01 - TA/PRIVE,285.41,Quarterly,S = +69,Physical person,FLA,VLI,Rural,FLA,VLI,Rural,1008592106.0,0.32964912196981266
LPI***344,884***4.0,Retail,P - Liability,P01 - FAMILY P,93.55,Quarterly,D = 40-69,Physical person,FLA,VLI,Rural,FLA,VLI,Rural,6991305427.0,0.32948599941164475
XXW***118,915***3.0,Retail,P - Liability,P01 - FAMILY P,90.82,Quarterly,D = 40-69,Physical person,FLA,VWV,Urban,FLA,VWV,Urban,8307765589.0,0.32936850961794883
FTS***559,792***2.0,Retail,I - Property,I01 - HABITAT.,397.53,Quarterly,D = 40-69,Physical person,FLA,VOV,Rural,FLA,VOV,Rural,1.03469771599999e+16,0.32931436811293247
RTM***528,846***3.0,Retail,P - Liability,P01 - FAMILY P,90.83,Quarterly,D = 40-69,Physical person,WAL,WBR,Rural,FLA,PTS,Rural,6871363239.0,0.32925781830039536
IGK***351,862***3.0,Retail,P - Liability,P01 - FAMILY P,93.55,Quarterly,D = 40-69,Physical person,FLA,VWV,Rural,FLA,VWV,Urban,5529762447.0,0.3290301310419903
URX***675,957***7.0,Retail,I - Property,I01 - HABITAT.,131.6,Quarterly,D = 40-69,Physical person,FLA,VOV,Rural,FLA,VOV,Rural,9119801543.0,0.3289974057115845
BAA***910,935***7.0,Retail,P - Liability,P01 - FAMILY P,74.83,Quarterly,D = 40-69,Physical person,FLA,VWV,Rural,FLA,VWV,Rural,7242918993.0,0.3289564313074511
VMP***428,925***7.0,Retail,N - Accident,N05 - IND CIRC,72.48,Quarterly,S = +69,Physical person,WAL,WHT,Rural,FLA,PTS,Rural,6258077657.0,0.32840988983528574
BGL***456,901***1.0,Retail,I - Property,I01 - HABITAT.,60.0,Quarterly,D = 40-69,Physical person,FLA,VWV,Rural,FLA,VWV,Rural,6425517365.0,0.3284035480768999
ILH***756,435***6.0,Retail,P - Liability,P01 - FAMILY P,74.83,Quarterly,S = +69,Physical person,WAL,WNA,Rural,WAL,WNA,Rural,1012646852.0,0.32826469562963356
FOU***143,865***8.0,Retail,N - Accident,N05 - IND CIRC,69.84,Quarterly,C = 30-39,Physical person,WAL,WHT,Rural,WAL,WHT,Rural,1085233983.0,0.3282049548886888
LIZ***879,347***4.0,Retail,I - Property,I01 - HABITAT.,416.33,Quarterly,D = 40-69,Physical person,FLA,VWV,Urban,FLA,VWV,Rural,7103645895.0,0.3279168206105962
RSN***738,816***1.0,Retail,P - Liability,P01 - FAMILY P,71.9,Quarterly,S = +69,Physical person,FLA,VAN,Rural,FLA,VAN,Rural,4328455693.0,0.32780030199030946
EYP***529,939***9.0,Retail,I - Property,I01 - HABITAT.,193.16,Quarterly,C = 30-39,Physical person,FLA,VOV,Rural,FLA,VOV,Rural,7320283134.0,0.3277741763945324
RKR***238,843***9.0,Retail,N - Accident,N05 - IND CIRC,51.34,Quarterly,D = 40-69,Physical person,WAL,WHT,Rural,WAL,WHT,Rural,8688137046.0,0.3276364011040906
UBC***606,797***5.0,Retail,A - Motor,A01 - TA/PRIVE,468.33,Quarterly,S = +69,Physical person,FLA,VAN,Rural,FLA,VAN,Rural,1.106367574e+16,0.32724113653458403
VIB***286,830***6.0,Retail,A - Motor,A01 - TA/PRIVE,542.34,Quarterly,S = +69,Physical person,FLA,VAN,Rural,FLA,VAN,Rural,7245568465.0,0.3271689257729906
IMC***259,603***8.0,Retail,A - Motor,A01 - TA/PRIVE,281.46,Quarterly,S = +69,Physical person,FLA,VWV,Rural,FLA,VWV,Rural,6.32553741e+16,0.3270551671013282
BPM***306,859***3.0,Retail,I - Property,I01 - HABITAT.,149.94,Quarterly,D = 40-69,Physical person,FLA,VAN,Rural,FLA,VAN,Rural,1.087438232e+16,0.32698735789081396
VEJ***626,346***4.0,Retail,I - Property,I01 - HABITAT.,201.64,Quarterly,S = +69,Physical person,FLA,VAN,Rural,FLA,VAN,Rural,9314985846.0,0.32643399079391167
STH***143,877***9.0,Retail,N - Accident,N05 - IND CIRC,52.04,Quarterly,D = 40-69,Physical person,WAL,WHT,Rural,WAL,WHT,Rural,743404171.0,0.3262809809636316
UXN***571,979***2.0,Retail,I - Property,I01 - HABITAT.,43.65,Quarterly,C = 30-39,Physical person,FLA,VAN,Rural,FLA,VAN,Urban,9061721915.0,0.3261181527489413
UQP***275,969***2.0,Retail,A - Motor,A01 - TA/PRIVE,565.9,Quarterly,S = +69,Physical person,FLA,VAN,Rural,FLA,VAN,Rural,114989841.0,0.326020857923564
IRX***309,783***6.0,Retail,P - Liability,P01 - FAMILY P,103.26,Quarterly,D = 40-69,Physical person,WAL,WHT,Rural,WAL,WHT,Rural,6346877915.0,0.3258455759106079
DPD***378,547***2.0,Retail,N - Accident,N05 - IND CIRC,41.48,Quarterly,S = +69,Physical person,FLA,VLI,Rural,FLA,VLI,Rural,6749595052.0,0.3258341731259612
DKH***490,834***1.0,Retail,P - Liability,P01 - FAMILY P,70.15,Quarterly,S = +69,Physical person,FLA,VBR,Rural,WAL,WNA,Rural,5938320926.0,0.32558304347309663
SKZ***519,891***2.0,Retail,N - Accident,N05 - IND CIRC,54.67,Quarterly,S = +69,Physical person,FLA,VOV,Rural,FLA,VOV,Rural,8196603272.0,0.3252722632568006
JSY***293,815***5.0,Retail,P - Liability,P01 - FAMILY P,60.7,Quarterly,S = +69,Physical person,FLA,VLI,Rural,FLA,VLI,Rural,6749595052.0,0.3251941720451575
OSY***294,817***0.0,Retail,P - Liability,P01 - FAMILY P,74.83,Quarterly,S = +69,Physical person,FLA,VAN,Rural,FLA,VAN,Rural,6991305427.0,0.32504335701356885
GWS***403,933***7.0,Retail,N - Accident,N05 - IND CIRC,52.18,Quarterly,D = 40-69,Physical person,WAL,WHT,Urban,FLA,PTS,Rural,100233583.0,0.32499441000646184
JWL***706,853***2.0,Retail,I - Property,I01 - HABITAT.,122.83,Quarterly,D = 40-69,Physical person,FLA,VLI,Rural,FLA,VLI,Rural,8028972478.0,0.32470805079362486
PUU***413,925***6.0,Retail,P - Liability,P01 - FAMILY P,72.25,Quarterly,C = 30-39,Physical person,FLA,VBR,Urban,WAL,WLG,Rural,7671310770000000.0,0.3243868161342028
VTJ***016,951***0.0,Retail,I - Property,I01 - HABITAT.,113.68,Quarterly,D = 40-69,Physical person,FLA,VAN,Rural,FLA,VAN,Rural,6900449434.0,0.3243813471742769
BDM***785,966***6.0,Retail,I - Property,I01 - HABITAT.,322.99,Quarterly,D = 40-69,Physical person,FLA,VOV,Rural,FLA,VOV,Rural,9119801543.0,0.32437180651926345
EPV***838,959***1.0,Retail,I - Property,I01 - HABITAT.,209.51,Quarterly,D = 40-69,Physical person,FLA,VOV,Rural,FLA,VOV,Rural,9119801543.0,0.32426108537442927
NIG***457,837***6.0,Retail,I - Property,I01 - HABITAT.,328.82,Quarterly,D = 40-69,Physical person,FLA,VLI,Rural,FLA,VLI,Rural,1035517898.0,0.32408348813661614
CPS***368,949***8.0,Retail,I - Property,I01 - HABITAT.,244.24,Quarterly,C = 30-39,Physical person,FLA,VOV,Urban,FLA,VOV,Urban,4133104108.0,0.3234862950082151
DCX***234,916***9.0,Retail,A - Motor,A06 - MOTO,270.82,Quarterly,C = 30-39,Physical person,FLA,VAN,Rural,FLA,VAN,Rural,8611614078.0,0.3233415592478676
CNL***966,866***9.0,Retail,N - Accident,N05 - IND CIRC,53.62,Annually,C = 30-39,Physical person,WAL,WNA,Rural,WAL,WNA,Rural,9450207590000000.0,0.32325957636633307
BUC***331,867***1.0,Retail,N - Accident,N05 - IND CIRC,53.38,Annually,C = 30-39,Physical person,WAL,WNA,Rural,WAL,WNA,Rural,9450207590000000.0,0.32325957636633307
ENU***981,346***9.0,Retail,I - Property,I01 - HABITAT.,604.24,Quarterly,D = 40-69,Physical person,FLA,VWV,Rural,FLA,VWV,Rural,7242918993.0,0.3228545091009958
IMX***809,348***3.0,Retail,N - Accident,N05 - IND CIRC,50.86,Quarterly,D = 40-69,Physical person,FLA,VOV,Rural,FLA,VOV,Rural,5789622098.0,0.32270731785177453
WNB***553,942***1.0,Retail,I - Property,I01 - HABITAT.,365.16,Quarterly,D = 40-69,Physical person,FLA,VWV,Urban,FLA,VWV,Rural,8612882486.0,0.3226596664457913
PTK***975,968***2.0,Retail,P - Liability,P01 - FAMILY P,38.49,Quarterly,D = 40-69,Physical person,FLA,VLI,Rural,FLA,VLI,Rural,1.17351365099999e+16,0.3223563819031254
PFB***254,934***1.0,Retail,N - Accident,N01 - COMPLETE,49.59,Quarterly,D = 40-69,Physical person,WAL,WHT,Urban,FLA,PTS,Rural,100233583.0,0.322310977580826
LIB***893,945***3.0,Retail,I - Property,I01 - HABITAT.,77.21,Quarterly,D = 40-69,Physical person,WAL,WLG,Rural,WAL,WNA,Rural,9080915401.0,0.32220026013910763
QTB***565,347***5.0,Retail,I - Property,I01 - HABITAT.,630.51,Quarterly,D = 40-69,Physical person,FLA,VOV,Rural,FLA,VOV,Rural,1.03469771599999e+16,0.3219541105805176
YNT***719,896***6.0,Retail,P - Liability,P01 - FAMILY P,93.54,Quarterly,D = 40-69,Physical person,WAL,WHT,Rural,WAL,WHT,Rural,6682327833.0,0.3215016719073108
SRC***983,717***2.0,Retail,N - Accident,N05 - IND CIRC,37.21,Quarterly,D = 40-69,Physical person,WAL,WHT,Rural,WAL,WHT,Rural,9003952545.0,0.32138801917885146
JBW***858,951***7.0,Retail,N - Accident,N05 - IND CIRC,42.14,Quarterly,D = 40-69,Physical person,WAL,WHT,Rural,WAL,WHT,Urban,1015174688.0,0.3212772095074988
KDS***827,510***8.0,Retail,P - Liability,P01 - FAMILY P,74.86,Quarterly,S = +69,Physical person,FLA,VLI,Urban,FLA,VLI,Urban,1092241334.0,0.32120897886206246
NQB***397,348***0.0,Retail,I - Property,I01 - HABITAT.,347.85,Quarterly,D = 40-69,Physical person,FLA,VAN,Rural,FLA,VAN,Rural,6264143489999990.0,0.3208250942891457
FVF***943,926***0.0,Retail,A - Motor,A01 - TA/PRIVE,264.74,Quarterly,C = 30-39,Physical person,FLA,VWV,Urban,FLA,VWV,Rural,133823371.0,0.32074775423400026
ATU***504,527***9.0,Retail,N - Accident,N05 - IND CIRC,111.51,Annually,D = 40-69,Physical person,WAL,WHT,Rural,WAL,WNA,Rural,9450207590000000.0,0.3207402475962878
YRE***614,132***1.0,Retail,A - Motor,A01 - TA/PRIVE,317.85,Quarterly,S = +69,Physical person,FLA,VOV,Rural,FLA,VOV,Rural,6885287271.0,0.32072229471370917
ZYB***007,892***3.0,Retail,N - Accident,N05 - IND CIRC,42.15,Quarterly,D = 40-69,Physical person,FLA,VOV,Rural,FLA,VOV,Rural,7163427345.0,0.32058230513960156
MLP***443,907***5.0,Retail,I - Property,I01 - HABITAT.,97.06,Quarterly,D = 40-69,Physical person,WAL,WNA,Urban,WAL,WNA,Rural,9199293111.0,0.3205588621207785
XDJ***324,797***3.0,Retail,P - Liability,P01 - FAMILY P,70.14,Quarterly,D = 40-69,Physical person,FLA,VLI,Rural,FLA,VLI,Rural,8225935714.0,0.32034945259246334
GQF***011,427***3.0,Retail,N - Accident,N05 - IND CIRC,55.35,Annually,D = 40-69,Physical person,WAL,WHT,Rural,WAL,WNA,Rural,9450207590000000.0,0.32012166069126147
RBW***587,822***5.0,Retail,P - Liability,P01 - FAMILY P,57.8,Quarterly,D = 40-69,Physical person,WAL,WHT,Rural,WAL,WHT,Rural,635810996.0,0.3198241310876428
ZHK***038,802***6.0,Retail,N - Accident,N05 - IND CIRC,67.83,Quarterly,D = 40-69,Physical person,FLA,VWV,Rural,FLA,VWV,Rural,1.04108950799999e+16,0.31921440873425133
HNN***749,103***3.0,Retail,P - Liability,P01 - FAMILY P,57.8,Quarterly,D = 40-69,Physical person,WAL,WLG,Rural,WAL,WLG,Rural,7929791872.0,0.3191769660700561
XDQ***527,428***2.0,Retail,N - Accident,N05 - IND CIRC,56.2,Quarterly,D = 40-69,Physical person,WAL,WHT,Rural,WAL,WHT,Rural,7122715959.0,0.31916512412070414
SLL***638,885***4.0,Retail,N - Accident,N05 - IND CIRC,72.85,Annually,C = 30-39,Physical person,WAL,WNA,Rural,WAL,WNA,Rural,9450207590000000.0,0.31913889329266765
SZG***483,894***4.0,Retail,P - Liability,P01 - FAMILY P,70.15,Quarterly,D = 40-69,Physical person,FLA,VLI,Rural,FLA,VLI,Rural,9235617536.0,0.3190877584448397
ABN***906,800***1.0,Retail,I - Property,I01 - HABITAT.,444.33,Quarterly,D = 40-69,Physical person,FLA,VOV,Rural,FLA,VOV,Rural,8715733192.0,0.31908029711111074
SJC***249,908***8.0,Retail,I - Property,I01 - HABITAT.,317.28,Quarterly,D = 40-69,Physical person,FLA,VAN,Rural,FLA,VAN,Rural,8639513633.0,0.3189010112554702
ZFZ***078,439***4.0,Retail,A - Motor,A01 - TA/PRIVE,353.11,Quarterly,S = +69,Physical person,FLA,VAN,Rural,FLA,VAN,Rural,8008348739.0,0.318886444049174
DSW***877,410***6.0,Retail,N - Accident,N05 - IND CIRC,37.89,Annually,D = 40-69,Physical person,WAL,WNA,Rural,WAL,WNA,Rural,9450207590000000.0,0.3188068848310439
HJF***778,918***6.0,Retail,I - Property,I01 - HABITAT.,183.29,Quarterly,D = 40-69,Physical person,FLA,VAN,Rural,FLA,VAN,Rural,8611614078.0,0.31873454651685706
ZBF***288,947***3.0,Retail,P - Liability,P01 - FAMILY P,70.15,Quarterly,C = 30-39,Physical person,WAL,WNA,Rural,WAL,WNA,Rural,9080915401.0,0.3186116369528917
ZUI***939,926***0.0,Retail,A - Motor,A01 - TA/PRIVE,183.39,Quarterly,C = 30-39,Physical person,FLA,VWV,Urban,FLA,VWV,Rural,133823371.0,0.31835722359307295
ZFV***237,917***7.0,Retail,I - Property,I01 - HABITAT.,187.56,Quarterly,C = 30-39,Physical person,FLA,VOV,Rural,FLA,VOV,Urban,8373680093.0,0.3183032768277728
ZDH***880,400***5.0,Retail,N - Accident,N05 - IND CIRC,69.86,Quarterly,D = 40-69,Physical person,WAL,WHT,Urban,WAL,WHT,Rural,6390801835.0,0.31827841853378513
DVU***229,955***8.0,Retail,I - Property,I01 - HABITAT.,167.59,Quarterly,C = 30-39,Physical person,FLA,VAN,Rural,FLA,VAN,Rural,7979361926.0,0.31811369752584606
PYP***837,346***0.0,Retail,I - Property,I01 - HABITAT.,394.69,Quarterly,D = 40-69,Physical person,FLA,VWV,Rural,FLA,VWV,Rural,7242918993.0,0.3179720526663581
KKS***946,776***8.0,Retail,I - Property,I01 - HABITAT.,29.87,Quarterly,D = 40-69,Physical person,FLA,VWV,Urban,FLA,VWV,Rural,5548223773.0,0.3179514395698446
TVY***431,813***2.0,Retail,P - Liability,P01 - FAMILY P,70.15,Quarterly,C = 30-39,Physical person,FLA,VOV,Urban,FLA,VOV,Urban,9061721915.0,0.31777931880977073
LEA***035,829***1.0,Retail,N - Accident,N05 - IND CIRC,112.83,Annually,S = +69,Physical person,WAL,WHT,Rural,WAL,WNA,Rural,9450207590000000.0,0.31764823130476033
TCU***767,491***5.0,Retail,P - Liability,P01 - FAMILY P,93.1,Quarterly,S = +69,Physical person,FLA,VAN,Rural,FLA,VAN,Rural,4328455693.0,0.31761325676768376
KCO***101,890***4.0,Retail,A - Motor,A01 - TA/PRIVE,431.45,Quarterly,S = +69,Physical person,FLA,VLI,Rural,FLA,VLI,Rural,646706517.0,0.31748152619079106
XPZ***005,844***4.0,Retail,A - Motor,A01 - TA/PRIVE,428.79,Quarterly,S = +69,Physical person,FLA,VLI,Rural,FLA,VLI,Rural,7448510642.0,0.31724889482452273
FLB***411,887***9.0,Retail,A - Motor,A01 - TA/PRIVE,334.05,Quarterly,S = +69,Physical person,FLA,VAN,Rural,FLA,VAN,Rural,7666721922.0,0.31704345531200967
HBC***179,879***7.0,Retail,N - Accident,N05 - IND CIRC,102.62,Quarterly,C = 30-39,Physical person,WAL,WLG,Rural,FLA,PTS,Rural,5743992432.0,0.3169833345884095
NBL***645,933***6.0,Retail,N - Accident,N05 - IND CIRC,60.39,Quarterly,D = 40-69,Physical person,FLA,VWV,Rural,FLA,VWV,Rural,9399723366.0,0.31698173530889406
UVO***373,817***8.0,Retail,N - Accident,N05 - IND CIRC,63.72,Annually,D = 40-69,Physical person,WAL,WHT,Rural,WAL,WNA,Rural,9450207590000000.0,0.3169615785911659
OXR***303,915***9.0,Retail,I - Property,I01 - HABITAT.,90.08,Quarterly,D = 40-69,Physical person,FLA,VWV,Rural,FLA,VWV,Rural,9314158813.0,0.3168232643773885
CDT***604,959***6.0,Retail,I - Property,I01 - HABITAT.,132.92,Quarterly,D = 40-69,Physical person,WAL,WNA,Rural,WAL,WNA,Rural,9064359811.0,0.3167532147618431
JUT***024,957***6.0,Retail,P - Liability,P01 - FAMILY P,54.75,Semi-annually,D = 40-69,Physical person,FLA,VAN,Rural,FLA,VAN,Rural,2.02119240699999e+16,0.3166810668980954
TVB***783,942***6.0,Retail,P - Liability,P01 - FAMILY P,88.61,Quarterly,D = 40-69,Physical person,FLA,VWV,Rural,FLA,VWV,Rural,100233583.0,0.31663275879046426
LHP***600,911***7.0,Retail,I - Property,I01 - HABITAT.,519.94,Quarterly,D = 40-69,Physical person,FLA,VWV,Rural,FLA,VWV,Rural,8071975448.0,0.31659020275978195
TWR***550,814***1.0,Retail,P - Liability,P01 - FAMILY P,72.25,Quarterly,D = 40-69,Physical person,WAL,WNA,Rural,WAL,WNA,Rural,9450207590000000.0,0.31648674343645683
FXF***106,952***2.0,Retail,P - Liability,P01 - FAMILY P,46.54,Quarterly,B = 25-29,Physical person,FLA,VWV,Rural,FLA,VWV,Rural,8231207162.0,0.3164644334937448
VNX***296,936***1.0,Retail,P - Liability,P01 - FAMILY P,61.6,Quarterly,D = 40-69,Physical person,WAL,WLG,Rural,WAL,WLG,Rural,1380032298.0,0.3162315320159555
CWD***547,967***0.0,Retail,P - Liability,P01 - FAMILY P,48.34,Quarterly,D = 40-69,Physical person,FLA,VLI,Rural,FLA,VLI,Rural,1.17351365099999e+16,0.3161762284351292
LHA***917,119***2.0,Retail,N - Accident,N05 - IND CIRC,50.57,Quarterly,D = 40-69,Physical person,WAL,WHT,Rural,WAL,WHT,Rural,743404171.0,0.316046253346296
ZEF***743,840***7.0,Retail,I - Property,I01 - HABITAT.,106.06,Quarterly,D = 40-69,Physical person,WAL,WHT,Rural,FLA,PTS,Rural,100233583.0,0.31603140806259317
EMI***383,847***6.0,Retail,N - Accident,N05 - IND CIRC,54.63,Annually,D = 40-69,Physical person,WAL,WHT,Rural,WAL,WNA,Rural,9450207590000000.0,0.315682983344641
CNT***796,924***4.0,Retail,P - Liability,P01 - FAMILY P,93.54,Quarterly,S = +69,Physical person,WAL,WLG,Rural,WAL,WLG,Rural,1042061995.0,0.31558226808703366
NAG***712,852***7.0,Retail,P - Liability,P01 - FAMILY P,86.3,Quarterly,D = 40-69,Physical person,FLA,VOV,Urban,FLA,VOV,Rural,7469581619.0,0.3155560039056061
AMP***105,948***8.0,Retail,I - Property,I01 - HABITAT.,113.29,Quarterly,A = 18-24,Physical person,WAL,WHT,Rural,FLA,PTS,Rural,9399723366.0,0.3150718006524682
UPW***207,821***7.0,Retail,N - Accident,N05 - IND CIRC,57.93,Annually,D = 40-69,Physical person,WAL,WHT,Rural,WAL,WNA,Rural,9450207590000000.0,0.31500313616361203
CLW***571,117***5.0,Retail,N - Accident,N05 - IND CIRC,37.52,Annually,S = +69,Physical person,WAL,WHT,Rural,WAL,WHT,Rural,8743764074.0,0.3149597197804492
JSL***249,950***4.0,Retail,P - Liability,P01 - FAMILY P,113.7,Quarterly,D = 40-69,Physical person,WAL,WLG,Rural,WAL,WHT,Rural,8883422068.0,0.31473642050364714
QLF***953,847***3.0,Retail,N - Accident,N05 - IND CIRC,67.93,Quarterly,S = +69,Physical person,WAL,WLG,Rural,WAL,WLG,Rural,6358852292.0,0.3146651884480585
XCC***230,824***6.0,Retail,P - Liability,P01 - FAMILY P,90.83,Quarterly,D = 40-69,Physical person,FLA,VOV,Urban,FLA,VOV,Rural,7966938117.0,0.3145990259814459
CIX***383,837***8.0,Retail,P - Liability,P01 - FAMILY P,56.12,Quarterly,S = +69,Physical person,WAL,WLG,Rural,WAL,WLG,Rural,7587468865.0,0.31443411492256274
IPA***521,853***4.0,Retail,N - Accident,N05 - IND CIRC,81.95,Quarterly,D = 40-69,Physical person,WAL,WLG,Rural,WAL,WLG,Rural,6349816754.0,0.31418144574941137
TBG***282,929***1.0,Retail,P - Liability,P01 - FAMILY P,84.34,Quarterly,D = 40-69,Physical person,FLA,VWV,Rural,FLA,VWV,Rural,100233583.0,0.3141701121964714
FZD***773,604***4.0,Retail,P - Liability,P01 - FAMILY P,84.34,Quarterly,D = 40-69,Physical person,FLA,VWV,Rural,FLA,VWV,Rural,100233583.0,0.3141701121964714
BOJ***997,902***0.0,Retail,P - Liability,P01 - FAMILY P,71.89,Quarterly,C = 30-39,Physical person,WAL,WHT,Rural,BRU,BRU,Rural,8163841951.0,0.31409154898940556
YTU***048,813***2.0,Retail,N - Accident,N05 - IND CIRC,39.98,Quarterly,D = 40-69,Physical person,WAL,WHT,Rural,WAL,WHT,Rural,7891175122.0,0.3140759875022757
OHB***611,902***6.0,Retail,I - Property,I01 - HABITAT.,40.59,Quarterly,D = 40-69,Physical person,FLA,VOV,Urban,FLA,VOV,Urban,8373680093.0,0.31405232044500564
CJS***591,814***7.0,Retail,P - Liability,P01 - FAMILY P,93.54,Quarterly,D = 40-69,Physical person,FLA,VWV,Urban,FLA,VWV,Rural,9399723366.0,0.31393129367180017
ZMA***817,956***8.0,Retail,I - Property,I01 - HABITAT.,66.74,Quarterly,D = 40-69,Physical person,FLA,VLI,Rural,FLA,VLI,Rural,6871363239.0,0.31381913266815437
PGR***846,917***7.0,Retail,I - Property,I01 - HABITAT.,188.75,Quarterly,D = 40-69,Physical person,FLA,VAN,Rural,FLA,VAN,Rural,8611614078.0,0.3137822402635894
ZSK***673,941***3.0,Retail,I - Property,I01 - HABITAT.,77.03,Quarterly,D = 40-69,Physical person,FLA,VLI,Rural,FLA,VLI,Rural,7250216457.0,0.3135929793491057
MSN***748,434***3.0,Retail,N - Accident,N05 - IND CIRC,67.3,Quarterly,D = 40-69,Physical person,FLA,VAN,Rural,FLA,VAN,Rural,8902278434.0,0.3135741289955306
NAC***253,828***6.0,Retail,N - Accident,N05 - IND CIRC,56.1,Annually,D = 40-69,Physical person,WAL,WNA,Rural,WAL,WNA,Rural,9450207590000000.0,0.3135186645568699
JVL***333,993***7.0,Retail,N - Accident,N05 - IND CIRC,54.57,Annually,D = 40-69,Physical person,WAL,WNA,Rural,WAL,WNA,Rural,9450207590000000.0,0.3135186645568699
XIJ***677,954***3.0,Retail,I - Property,I01 - HABITAT.,88.58,Quarterly,D = 40-69,Physical person,WAL,WBR,Rural,WAL,WBR,Rural,8044580581.0,0.31348140457994134
IGM***344,895***1.0,Retail,N - Accident,N05 - IND CIRC,73.58,Quarterly,D = 40-69,Physical person,WAL,WLG,Rural,WAL,WLG,Rural,9319664795.0,0.3134008785445709
UZH***593,530***6.0,Retail,A - Motor,A01 - TA/PRIVE,255.09,Quarterly,S = +69,Physical person,FLA,VOV,Rural,FLA,VOV,Rural,1.106367574e+16,0.31340085818521063
HYU***147,909***3.0,Retail,I - Property,I01 - HABITAT.,72.72,Quarterly,D = 40-69,Physical person,FLA,VAN,Rural,FLA,VAN,Rural,7776034720000000.0,0.31321499350896276
TFB***935,785***5.0,Retail,N - Accident,N05 - IND CIRC,59.06,Annually,D = 40-69,Physical person,WAL,WHT,Rural,WAL,WNA,Rural,9450207590000000.0,0.3131478390024245
EZQ***927,806***0.0,Retail,N - Accident,N05 - IND CIRC,59.06,Annually,D = 40-69,Physical person,WAL,WHT,Rural,WAL,WNA,Rural,9450207590000000.0,0.3131478390024245
PAJ***356,106***1.0,Retail,N - Accident,N05 - IND CIRC,67.83,Quarterly,D = 40-69,Physical person,WAL,WLG,Rural,WAL,WLG,Rural,1.26117876599999e+16,0.3130380745598739
INQ***334,967***3.0,Retail,P - Liability,P01 - FAMILY P,82.62,Quarterly,S = +69,Physical person,FLA,VLI,Rural,FLA,VLI,Rural,1.17351365099999e+16,0.31254979076217243
YOB***403,901***5.0,Retail,P - Liability,P01 - FAMILY P,90.83,Quarterly,S = +69,Physical person,WAL,WHT,Rural,BRU,BRU,Rural,6496156451.0,0.3124712598427436
SUW***090,952***0.0,Retail,I - Property,I01 - HABITAT.,50.48,Quarterly,D = 40-69,Physical person,FLA,VWV,Rural,FLA,VWV,Rural,8231207162.0,0.31245170169770914
WHR***022,913***1.0,Retail,I - Property,I01 - HABITAT.,430.31,Quarterly,D = 40-69,Physical person,FLA,VWV,Rural,FLA,VWV,Rural,7517217054.0,0.31216025698875055
UAK***646,861***4.0,Retail,N - Accident,N05 - IND CIRC,52.88,Annually,D = 40-69,Physical person,WAL,WHT,Rural,WAL,WNA,Rural,9450207590000000.0,0.31185110622020956
EUV***396,814***9.0,Retail,N - Accident,N05 - IND CIRC,67.83,Quarterly,D = 40-69,Physical person,FLA,VWV,Rural,FLA,VWV,Rural,6250726995.0,0.3118379492528394
OWU***681,927***4.0,Retail,N - Accident,N05 - IND CIRC,33.77,Annually,D = 40-69,Physical person,WAL,WLG,Rural,WAL,WLG,Rural,1.20486577799999e+16,0.31178817531297787
OPS***875,132***9.0,Retail,A - Motor,A01 - TA/PRIVE,367.31,Quarterly,S = +69,Physical person,FLA,VOV,Rural,FLA,VOV,Rural,1.01045222599999e+16,0.3116283126516304
YDN***538,904***8.0,Retail,I - Property,I01 - HABITAT.,65.73,Quarterly,D = 40-69,Physical person,FLA,VWV,Rural,FLA,VWV,Rural,6322015467.0,0.31131758725347347
DLV***116,968***5.0,Retail,P - Liability,P01 - FAMILY P,56.12,Quarterly,D = 40-69,Physical person,FLA,VLI,Rural,FLA,VLI,Rural,1.17351365099999e+16,0.3112798236168736
XCQ***995,971***3.0,Retail,P - Liability,P01 - FAMILY P,50.34,Quarterly,D = 40-69,Physical person,FLA,VLI,Rural,FLA,VLI,Rural,1.17351365099999e+16,0.31111416994362795
LHZ***194,972***0.0,Retail,I - Property,I01 - HABITAT.,129.47,Quarterly,D = 40-69,Physical person,FLA,VLI,Rural,FLA,VLI,Rural,7604624328.0,0.3109823193772454
RDV***437,897***4.0,Retail,I - Property,I01 - HABITAT.,279.94,Quarterly,C = 30-39,Physical person,FLA,VAN,Rural,FLA,VAN,Rural,9966798488.0,0.31072971234477625
SAP***711,106***6.0,Retail,P - Liability,P01 - FAMILY P,93.55,Quarterly,S = +69,Physical person,WAL,WHT,Urban,WAL,WNA,Rural,7770774159999990.0,0.31052330404445266
SBD***732,834***8.0,Retail,I - Property,I01 - HABITAT.,102.2,Quarterly,S = +69,Physical person,BRU,BRU,Rural,WAL,WBR,Rural,5805033983.0,0.31029724275990495
ERY***176,945***4.0,SME,A - Motor,"A03 - <= 3,5 T",504.78,Quarterly,No age,Enterprise,FLA,VWV,Rural,FLA,VWV,Urban,7380503867.0,0.3102957292382165
SFZ***469,823***3.0,Retail,N - Accident,N05 - IND CIRC,147.34,Annually,D = 40-69,Physical person,WAL,WNA,Rural,WAL,WNA,Rural,9450207590000000.0,0.31022494863148625
IVC***368,901***1.0,Retail,I - Property,I01 - HABITAT.,200.9,Quarterly,C = 30-39,Physical person,FLA,VAN,Rural,FLA,VAN,Rural,6422134501.0,0.31014152778515575
ZNQ***525,770***9.0,Retail,I - Property,I01 - HABITAT.,142.33,Quarterly,D = 40-69,Physical person,FLA,VLI,Rural,FLA,VLI,Rural,1035517898.0,0.31012568602272755
VAU***583,922***5.0,Retail,P - Liability,P01 - FAMILY P,70.49,Quarterly,C = 30-39,Physical person,FLA,VWV,Urban,FLA,VWV,Urban,8718102157.0,0.31005613648162234
SJY***585,949***7.0,Retail,P - Liability,P01 - FAMILY P,74.83,Quarterly,S = +69,Physical person,WAL,WHT,Rural,WAL,WBR,Rural,1002677162.0,0.3100493912477118
PKK***345,438***9.0,Retail,P - Liability,P01 - FAMILY P,93.55,Quarterly,D = 40-69,Physical person,WAL,WLG,Rural,WAL,WLG,Rural,8602293501.0,0.31002950478217284
NUS***889,904***2.0,Retail,I - Property,I01 - HABITAT.,72.35,Quarterly,D = 40-69,Physical person,WAL,WHT,Rural,WAL,WBR,Urban,6858299294.0,0.309949074776917
CBU***945,559***8.0,Retail,A - Motor,A01 - TA/PRIVE,466.57,Quarterly,S = +69,Physical person,WAL,WHT,Rural,WAL,WHT,Rural,6622183834.0,0.3098476397791509
ZDT***866,972***5.0,Retail,I - Property,I01 - HABITAT.,132.73,Quarterly,D = 40-69,Physical person,WAL,WBR,Urban,FLA,PTS,Rural,7578338427.0,0.30965280966103076
VYS***194,412***9.0,Retail,P - Liability,P01 - FAMILY P,85.13,Quarterly,S = +69,Physical person,WAL,WHT,Rural,WAL,WHT,Rural,8883422068.0,0.30950954506765543
JVB***000,902***7.0,Retail,I - Property,I01 - HABITAT.,446.69,Quarterly,D = 40-69,Physical person,FLA,VOV,Urban,FLA,VOV,Rural,9698983734.0,0.30946631850177175
NQA***617,933***9.0,Retail,I - Property,I01 - HABITAT.,569.78,Quarterly,D = 40-69,Physical person,FLA,VOV,Rural,FLA,VOV,Rural,100233583.0,0.3094656357589544
TSZ***356,789***4.0,Retail,I - Property,I01 - HABITAT.,428.1,Quarterly,D = 40-69,Physical person,FLA,VAN,Rural,FLA,VAN,Rural,7202780981.0,0.3094357296486695
ATK***943,824***9.0,Retail,P - Liability,P01 - FAMILY P,88.47,Quarterly,D = 40-69,Physical person,WAL,WHT,Rural,WAL,WHT,Rural,8752154807.0,0.3090263824182071
OGX***219,805***9.0,Retail,I - Property,I01 - HABITAT.,87.43,Quarterly,D = 40-69,Physical person,FLA,VWV,Rural,FLA,VWV,Rural,8151382517.0,0.3089840991831625
ICF***883,787***6.0,Retail,P - Liability,P01 - FAMILY P,90.83,Quarterly,D = 40-69,Physical person,WAL,WHT,Rural,WAL,WHT,Rural,8342005129.0,0.3079750786756667
EZZ***096,955***8.0,Retail,A - Motor,A06 - MOTO,336.74,Quarterly,C = 30-39,Physical person,FLA,VAN,Rural,FLA,VAN,Rural,7979361926.0,0.30797300982911385
XMH***252,957***0.0,Retail,I - Property,I01 - HABITAT.,320.67,Quarterly,C = 30-39,Physical person,FLA,VBR,Rural,FLA,VBR,Rural,1.00433151799999e+16,0.3079405132376699
ASD***370,864***9.0,Retail,I - Property,I01 - HABITAT.,400.06,Quarterly,D = 40-69,Physical person,FLA,VOV,Rural,FLA,VOV,Rural,6900449434.0,0.3077787361785428
JAY***984,803***6.0,Retail,I - Property,I01 - HABITAT.,427.87,Quarterly,D = 40-69,Physical person,FLA,VAN,Rural,FLA,VAN,Rural,9012315535.0,0.30775708471343743
TPZ***759,914***6.0,Retail,N - Accident,N05 - IND CIRC,34.22,Annually,D = 40-69,Physical person,WAL,WLG,Rural,WAL,WLG,Rural,1.20486577799999e+16,0.307737889445477
VCC***478,869***7.0,Retail,I - Property,I01 - HABITAT.,133.45,Quarterly,D = 40-69,Physical person,WAL,WNA,Rural,WAL,WNA,Rural,9307869772.0,0.307719469923749
RJA***167,950***9.0,Retail,P - Liability,P01 - FAMILY P,49.23,Quarterly,D = 40-69,Physical person,WAL,WHT,Rural,WAL,WHT,Urban,4825647501.0,0.3076594532112915
OTH***003,821***9.0,Retail,P - Liability,P01 - FAMILY P,93.55,Quarterly,D = 40-69,Physical person,FLA,VOV,Rural,FLA,VOV,Rural,7966938117.0,0.30763738329315893
XGB***153,959***7.0,Retail,I - Property,I01 - HABITAT.,174.17,Quarterly,D = 40-69,Physical person,FLA,VAN,Rural,FLA,VAN,Rural,114989841.0,0.3076014308265288
WPB***919,898***6.0,Retail,N - Accident,N05 - IND CIRC,34.29,Annually,C = 30-39,Physical person,WAL,WHT,Rural,WAL,WHT,Rural,1085233983.0,0.30759327933718206
AVM***934,869***9.0,Retail,N - Accident,N05 - IND CIRC,33.87,Annually,D = 40-69,Physical person,WAL,WLG,Rural,WAL,WLG,Rural,1.20486577799999e+16,0.3074548846776191
SJD***743,954***4.0,Retail,P - Liability,P01 - FAMILY P,81.08,Quarterly,D = 40-69,Physical person,BRU,BRU,Rural,WAL,WHT,Rural,1.02479818999999e+16,0.30738591973699486
HNX***304,917***3.0,Retail,I - Property,I01 - HABITAT.,392.2,Quarterly,D = 40-69,Physical person,FLA,VOV,Rural,FLA,VOV,Rural,9831172343.0,0.30708781145633496
ALS***458,715***3.0,Retail,I - Property,I01 - HABITAT.,510.48,Quarterly,D = 40-69,Physical person,FLA,VWV,Rural,FLA,VWV,Rural,7237905652.0,0.3069113326105192
CVC***438,929***7.0,Retail,P - Liability,P01 - FAMILY P,89.45,Quarterly,D = 40-69,Physical person,WAL,WLG,Rural,WAL,WLG,Rural,1380032298.0,0.3067949614326449
IBL***081,933***3.0,Retail,N - Accident,N05 - IND CIRC,52.18,Quarterly,D = 40-69,Physical person,WAL,WHT,Rural,FLA,PTS,Rural,100233583.0,0.3066524118953352
FIE***305,911***6.0,Retail,I - Property,I01 - HABITAT.,277.57,Quarterly,C = 30-39,Physical person,FLA,VLI,Rural,FLA,VLI,Rural,906156465.0,0.3063862508157098
KJE***447,493***7.0,Retail,I - Property,I01 - HABITAT.,357.67,Quarterly,D = 40-69,Physical person,FLA,VAN,Rural,FLA,VAN,Rural,5371811787.0,0.3062622926041568
VHS***455,797***9.0,Retail,I - Property,I01 - HABITAT.,509.91,Quarterly,D = 40-69,Physical person,FLA,VWV,Rural,FLA,VWV,Rural,8071975448.0,0.3061931916479485
DVE***861,845***4.0,Retail,A - Motor,A01 - TA/PRIVE,268.95,Quarterly,S = +69,Physical person,FLA,VLI,Rural,FLA,VLI,Rural,8774353151.0,0.3059491524569632
XHW***334,382***4.0,Retail,P - Liability,P01 - FAMILY P,56.12,Quarterly,D = 40-69,Physical person,WAL,WHT,Rural,WAL,WHT,Rural,2847327833.0,0.3058893632330885
NKX***196,863***1.0,Retail,P - Liability,P01 - FAMILY P,70.15,Quarterly,D = 40-69,Physical person,FLA,VAN,Rural,FLA,VAN,Rural,7202780981.0,0.3056752951983192
PKR***297,958***2.0,Retail,I - Property,I01 - HABITAT.,64.07,Quarterly,D = 40-69,Physical person,FLA,VOV,Rural,FLA,VOV,Rural,7571641514.0,0.30563396480985444
LIO***338,997***5.0,Retail,I - Property,I01 - HABITAT.,124.91,Quarterly,S = +69,Physical person,BRU,BRU,Rural,WAL,WBR,Rural,7704827907.0,0.30558407357597794
NTS***117,928***3.0,Retail,I - Property,I01 - HABITAT.,81.61,Quarterly,S = +69,Physical person,FLA,VLI,Rural,FLA,VLI,Rural,7250216457.0,0.30554892441524806
ONT***273,135***0.0,Retail,P - Liability,P01 - FAMILY P,90.82,Quarterly,D = 40-69,Physical person,WAL,WLG,Rural,WAL,WLG,Rural,8619202474.0,0.305286340287929
WKW***851,820***7.0,Retail,I - Property,I01 - HABITAT.,361.83,Quarterly,D = 40-69,Physical person,FLA,VLI,Rural,FLA,VLI,Rural,1008592106.0,0.30528472786639976
RTS***575,855***5.0,Retail,N - Accident,N05 - IND CIRC,71.72,Quarterly,D = 40-69,Physical person,FLA,VAN,Rural,FLA,VAN,Rural,7202780981.0,0.3052712921151949
VPU***367,852***4.0,Retail,I - Property,I01 - HABITAT.,208.15,Quarterly,D = 40-69,Physical person,FLA,VAN,Rural,FLA,VAN,Rural,1318417154.0,0.3052180952535023
EKD***440,928***1.0,Retail,I - Property,I01 - HABITAT.,166.57,Quarterly,D = 40-69,Physical person,FLA,VOV,Rural,FLA,VOV,Rural,6391674023.0,0.30518650331087094
YHM***767,909***3.0,Retail,N - Accident,N05 - IND CIRC,57.9,Quarterly,D = 40-69,Physical person,WAL,WHT,Rural,WAL,WHT,Rural,1.28524699799999e+16,0.30507033309782455
GWV***200,803***7.0,Retail,N - Accident,N05 - IND CIRC,35.44,Annually,D = 40-69,Physical person,WAL,WLG,Rural,WAL,WHT,Rural,1085233983.0,0.3050337211619652
QYH***434,476***0.0,Retail,N - Accident,N05 - IND CIRC,32.28,Annually,S = +69,Physical person,WAL,WHT,Rural,WAL,WHT,Rural,9510685664.0,0.30492672275855276
AYI***098,881***2.0,Retail,P - Liability,P01 - FAMILY P,69.44,Quarterly,D = 40-69,Physical person,WAL,WHT,Urban,WAL,WHT,Rural,782302091.0,0.30474301130023135
DJE***725,890***9.0,Retail,I - Property,I01 - HABITAT.,559.03,Quarterly,D = 40-69,Physical person,FLA,VOV,Rural,FLA,VOV,Rural,8196603272.0,0.30459228747185074
MSW***518,769***5.0,Retail,I - Property,I01 - HABITAT.,493.42,Quarterly,D = 40-69,Physical person,FLA,VAN,Rural,FLA,VAN,Rural,7245568465.0,0.30458324412072824
IRY***366,440***4.0,Retail,A - Motor,A01 - TA/PRIVE,390.88,Quarterly,S = +69,Physical person,FLA,VLI,Rural,FLA,VLI,Rural,6749595052.0,0.30457473486493625
VTZ***570,962***3.0,Retail,I - Property,I01 - HABITAT.,197.79,Quarterly,D = 40-69,Physical person,FLA,VAN,Rural,FLA,VAN,Rural,906156465.0,0.30456677047910774
BFH***513,965***7.0,Retail,P - Liability,P01 - FAMILY P,100.74,Quarterly,C = 30-39,Physical person,FLA,VAN,Rural,FLA,VAN,Rural,9314985846.0,0.304473982424089
CGX***951,944***7.0,Retail,N - Accident,N05 - IND CIRC,35.95,Annually,D = 40-69,Physical person,WAL,WLG,Rural,WAL,WLG,Rural,1.20486577799999e+16,0.3044635267013341
XIV***191,897***5.0,Retail,I - Property,I01 - HABITAT.,21.27,Quarterly,D = 40-69,Physical person,FLA,VWV,Rural,FLA,VWV,Rural,7405494054.0,0.3044609859896254
PVM***557,950***6.0,Retail,I - Property,I01 - HABITAT.,78.18,Quarterly,D = 40-69,Physical person,WAL,WNA,Rural,WAL,WNA,Rural,9776845565.0,0.3044176846520855
IMM***895,967***6.0,Retail,P - Liability,P01 - FAMILY P,63.14,Quarterly,D = 40-69,Physical person,FLA,VLI,Rural,FLA,VLI,Rural,1.17351365099999e+16,0.30430504121121094
TAV***218,752***0.0,Retail,I - Property,I01 - HABITAT.,246.33,Quarterly,S = +69,Physical person,FLA,VOV,Rural,FLA,VOV,Rural,7363826771.0,0.3042983532694429
SRN***047,967***3.0,Retail,A - Motor,A05 - CYCLO,143.02,Quarterly,S = +69,Physical person,FLA,VLI,Rural,FLA,VLI,Rural,1.17351365099999e+16,0.30405509024812427
MHC***385,967***3.0,Retail,A - Motor,A05 - CYCLO,143.02,Quarterly,S = +69,Physical person,FLA,VLI,Rural,FLA,VLI,Rural,1.17351365099999e+16,0.30405509024812427
JTQ***657,944***2.0,Retail,P - Liability,P01 - FAMILY P,65.48,Quarterly,D = 40-69,Physical person,WAL,WLG,Rural,WAL,WLG,Rural,1380032298.0,0.3039838985742312
QLL***554,873***4.0,Retail,A - Motor,A01 - TA/PRIVE,408.52,Quarterly,S = +69,Physical person,FLA,VLI,Rural,FLA,VLI,Rural,8119736213.0,0.30383328490492395
JYX***741,898***3.0,Retail,I - Property,I01 - HABITAT.,87.79,Quarterly,D = 40-69,Physical person,WAL,WHT,Urban,WAL,WNA,Rural,4242545662.0,0.303721842673721
LZG***431,951***0.0,Retail,P - Liability,P01 - FAMILY P,72.65,Quarterly,D = 40-69,Physical person,FLA,VAN,Rural,FLA,VAN,Rural,6900449434.0,0.30361861895100634
PNW***270,978***5.0,Retail,A - Motor,A05 - CYCLO,199.69,Quarterly,S = +69,Physical person,FLA,VAN,Rural,FLA,VAN,Rural,6788505685.0,0.3036042626940233
DHH***201,329***3.0,Retail,A - Motor,A06 - MOTO,106.22,Quarterly,D = 40-69,Physical person,FLA,VAN,Rural,FLA,VAN,Rural,7340207875.0,0.3033878214888341
DUD***486,925***0.0,Retail,I - Property,I01 - HABITAT.,537.69,Quarterly,D = 40-69,Physical person,FLA,VOV,Rural,FLA,VOV,Rural,7571641514.0,0.30338697724763924
FDJ***938,805***4.0,Retail,P - Liability,P01 - FAMILY P,71.9,Quarterly,D = 40-69,Physical person,WAL,WNA,Rural,WAL,WNA,Rural,8480125356.0,0.30322253046219066
GCS***154,882***4.0,Retail,N - Accident,N05 - IND CIRC,146.17,Quarterly,D = 40-69,Physical person,WAL,WHT,Rural,WAL,WHT,Rural,7039435634.0,0.3031945308172965
JBK***119,913***0.0,Retail,P - Liability,P01 - FAMILY P,74.84,Quarterly,D = 40-69,Physical person,FLA,VLI,Urban,FLA,VLI,Rural,9361434187.0,0.3031945062264294
FAM***432,818***4.0,Retail,I - Property,I01 - HABITAT.,415.86,Quarterly,D = 40-69,Physical person,FLA,VOV,Rural,FLA,VOV,Rural,7571641514.0,0.30314830022859335
BXP***040,905***8.0,Retail,N - Accident,N05 - IND CIRC,37.63,Annually,D = 40-69,Physical person,WAL,WLG,Rural,WAL,WLG,Rural,1.20486577799999e+16,0.3030878573501368
BJN***116,761***1.0,Retail,N - Accident,N05 - IND CIRC,59.06,Annually,D = 40-69,Physical person,WAL,WNA,Rural,WAL,WNA,Rural,9450207590000000.0,0.3028106422033359
YHL***788,416***3.0,Retail,N - Accident,N05 - IND CIRC,59.06,Annually,D = 40-69,Physical person,WAL,WNA,Rural,WAL,WNA,Rural,9450207590000000.0,0.3028106422033359
JKA***438,977***2.0,Retail,N - Accident,N05 - IND CIRC,138.58,Quarterly,D = 40-69,Physical person,WAL,WHT,Rural,WAL,WHT,Rural,808936406.0,0.30277369446865243
SQF***461,737***5.0,Retail,N - Accident,N05 - IND CIRC,84.44,Annually,D = 40-69,Physical person,WAL,WNA,Rural,WAL,WNA,Rural,9450207590000000.0,0.30274977803027175
AEQ***511,429***5.0,Retail,I - Property,I01 - HABITAT.,183.98,Quarterly,D = 40-69,Physical person,FLA,VOV,Rural,FLA,VOV,Rural,1.184128485e+16,0.30264055284051544
KPI***122,946***3.0,Retail,I - Property,I01 - HABITAT.,91.3,Quarterly,D = 40-69,Physical person,WAL,WNA,Rural,WAL,WNA,Rural,5471657511.0,0.30263926775362704
YHD***910,799***1.0,Retail,N - Accident,N05 - IND CIRC,40.72,Annually,C = 30-39,Physical person,WAL,WHT,Rural,WAL,WHT,Rural,1085233983.0,0.30248057993600297
ZNI***673,967***0.0,Retail,I - Property,I01 - HABITAT.,119.78,Quarterly,D = 40-69,Physical person,FLA,VLI,Rural,FLA,VLI,Rural,1.17351365099999e+16,0.3024614670208781
WPJ***605,926***2.0,Retail,P - Liability,P01 - FAMILY P,90.82,Quarterly,D = 40-69,Physical person,FLA,VWV,Rural,FLA,VWV,Urban,8259165702.0,0.3023896160117053
CQT***038,979***4.0,Retail,I - Property,I01 - HABITAT.,64.42,Quarterly,D = 40-69,Physical person,WAL,WLG,Rural,WAL,WLG,Rural,1265974631.0,0.3023208169269174
GQW***857,101***2.0,Retail,P - Liability,P01 - FAMILY P,68.8,Quarterly,S = +69,Physical person,WAL,WHT,Rural,WAL,WHT,Urban,4825647501.0,0.3023028482504836
YEP***976,966***6.0,Retail,P - Liability,P01 - FAMILY P,70.15,Quarterly,D = 40-69,Physical person,WAL,WHT,Rural,WAL,WNA,Rural,7907077426.0,0.30229246229167134
ZKF***062,939***5.0,Retail,I - Property,I01 - HABITAT.,107.26,Quarterly,D = 40-69,Physical person,FLA,VOV,Rural,WAL,WHT,Rural,8683563283.0,0.3020930169257547
DWB***787,916***8.0,Retail,A - Motor,A01 - TA/PRIVE,433.11,Quarterly,D = 40-69,Physical person,FLA,VWV,Rural,FLA,VWV,Rural,1.04108950799999e+16,0.3020744062318622
IQK***338,929***2.0,Retail,P - Liability,P01 - FAMILY P,88.61,Quarterly,D = 40-69,Physical person,WAL,WLG,Rural,WAL,WLG,Rural,1380032298.0,0.30206870070753267
UJJ***907,349***1.0,Retail,N - Accident,N05 - IND CIRC,125.63,Quarterly,S = +69,Physical person,WAL,WHT,Urban,WAL,WHT,Rural,9982925394.0,0.3018526488041546
ZWU***979,965***8.0,Retail,I - Property,I01 - HABITAT.,50.55,Quarterly,C = 30-39,Physical person,WAL,WHT,Rural,WAL,WHT,Rural,8724135574.0,0.3017911500745697
YSO***050,813***2.0,Retail,P - Liability,P01 - FAMILY P,70.15,Quarterly,D = 40-69,Physical person,WAL,WHT,Rural,WAL,WHT,Rural,7891175122.0,0.301645098702701
IZA***694,953***9.0,Retail,I - Property,I01 - HABITAT.,272.62,Quarterly,C = 30-39,Physical person,FLA,VAN,Rural,FLA,VAN,Rural,8987608986.0,0.30153106255349904
BHP***977,771***0.0,Retail,A - Motor,A01 - TA/PRIVE,333.52,Quarterly,S = +69,Physical person,FLA,VWV,Rural,FLA,VWV,Rural,1035101412.0,0.30145407123226464
PXR***301,817***9.0,Retail,A - Motor,A01 - TA/PRIVE,309.16,Quarterly,S = +69,Physical person,FLA,VAN,Rural,FLA,VAN,Rural,6991305427.0,0.3013896157301002
WGA***326,326***4.0,Retail,I - Property,I01 - HABITAT.,54.37,Quarterly,D = 40-69,Physical person,WAL,WHT,Rural,WAL,WHT,Rural,7839962086.0,0.301340743151736
COE***952,946***3.0,Retail,P - Liability,P01 - FAMILY P,93.54,Quarterly,C = 30-39,Physical person,FLA,VLI,Rural,FLA,VLI,Rural,1008592106.0,0.30124851044871126
SDU***687,961***9.0,Retail,N - Accident,N05 - IND CIRC,36.28,Annually,D = 40-69,Physical person,WAL,WLG,Rural,WAL,WLG,Rural,1.20486577799999e+16,0.3012351983966621
ICD***744,358***4.0,Retail,I - Property,I01 - HABITAT.,146.63,Quarterly,D = 40-69,Physical person,WAL,WLG,Rural,WAL,WLG,Rural,7463082457.0,0.3011655531682054
JYV***540,929***9.0,Retail,N - Accident,N05 - IND CIRC,40.79,Quarterly,D = 40-69,Physical person,WAL,WHT,Rural,FLA,PTS,Rural,100233583.0,0.30098641968046275
GZU***458,916***7.0,SME,A - Motor,"A03 - <= 3,5 T",1612.41,Quarterly,No age,Enterprise,FLA,VWV,Rural,FLA,VWV,Urban,8600972341.0,0.30070828608310235
TZF***642,912***5.0,Retail,I - Property,I01 - HABITAT.,424.75,Quarterly,D = 40-69,Physical person,FLA,VBR,Rural,FLA,VBR,Rural,9189199097.0,0.3006233158422551
JDF***553,937***0.0,Retail,A - Motor,A05 - CYCLO,156.52,Quarterly,D = 40-69,Physical person,FLA,VWV,Rural,FLA,VWV,Urban,8718102157.0,0.30048483995658154
JDC***286,833***1.0,SME,A - Motor,"A03 - <= 3,5 T",514.25,Quarterly,No age,Enterprise,FLA,VWV,Rural,FLA,VWV,Urban,763137005.0,0.3004477069886041
UFC***460,920***5.0,Retail,N - Accident,N05 - IND CIRC,77.59,Annually,D = 40-69,Physical person,WAL,WHT,Rural,WAL,WNA,Rural,9450207590000000.0,0.3004408720719615
WFL***909,755***9.0,Retail,A - Motor,A05 - CYCLO,190.81,Quarterly,D = 40-69,Physical person,WAL,WHT,Rural,WAL,WHT,Rural,6622183834.0,0.3004081168906974
RCM***983,971***6.0,Retail,P - Liability,P01 - FAMILY P,72.25,Quarterly,S = +69,Physical person,FLA,VAN,Rural,FLA,VAN,Urban,6295271536.0,0.3001728289359252
CHO***321,430***6.0,Retail,I - Property,I01 - HABITAT.,267.27,Quarterly,D = 40-69,Physical person,FLA,VAN,Rural,FLA,VAN,Rural,1.610643723e+16,0.29997489925631876
JRE***283,932***0.0,Retail,I - Property,I01 - HABITAT.,61.23,Quarterly,D = 40-69,Physical person,WAL,WLG,Rural,WAL,WLG,Rural,9125638409999990.0,0.299938966143583
WDC***843,930***2.0,Retail,N - Accident,N05 - IND CIRC,62.96,Quarterly,D = 40-69,Physical person,FLA,VWV,Rural,FLA,VWV,Rural,100233583.0,0.2999313053058366
QPS***973,587***9.0,Retail,N - Accident,N05 - IND CIRC,38.59,Quarterly,D = 40-69,Physical person,WAL,WHT,Rural,WAL,WHT,Rural,8883422068.0,0.29971376645084274
DSH***953,998***6.0,Retail,P - Liability,P01 - FAMILY P,93.54,Quarterly,D = 40-69,Physical person,WAL,WLG,Rural,WAL,WLG,Rural,8243182142.0,0.29962085913031006
NLB***144,412***5.0,Retail,A - Motor,A01 - TA/PRIVE,543.74,Quarterly,S = +69,Physical person,FLA,VAN,Rural,FLA,VAN,Rural,7802174771.0,0.2996125767513131
ZEY***551,948***2.0,Retail,P - Liability,P01 - FAMILY P,58.17,Quarterly,C = 30-39,Physical person,WAL,WLG,Rural,WAL,WNA,Rural,9080915401.0,0.2995783853173792
JYJ***379,937***7.0,Retail,A - Motor,A01 - TA/PRIVE,182.55,Quarterly,S = +69,Physical person,FLA,VAN,Rural,FLA,VAN,Rural,7934966638.0,0.2994802566567011
IBN***487,883***0.0,Retail,I - Property,I01 - HABITAT.,86.08,Quarterly,C = 30-39,Physical person,WAL,WHT,Urban,WAL,WHT,Rural,4315087763.0,0.29947273110923106
KIK***050,443***8.0,Retail,A - Motor,A01 - TA/PRIVE,339.92,Quarterly,S = +69,Physical person,FLA,VAN,Rural,FLA,VAN,Rural,7695291853.0,0.2993525776791906
QMH***114,978***5.0,Retail,P - Liability,P01 - FAMILY P,93.54,Quarterly,D = 40-69,Physical person,WAL,WHT,Urban,WAL,WHT,Rural,8883422068.0,0.2993335068741626
ZVH***556,838***8.0,Retail,P - Liability,P01 - FAMILY P,72.66,Quarterly,D = 40-69,Physical person,FLA,VLI,Rural,FLA,VLI,Urban,9315227891.0,0.29925198275164155
RDY***529,132***6.0,Retail,I - Property,I01 - HABITAT.,339.5,Quarterly,D = 40-69,Physical person,FLA,VLI,Rural,FLA,VLI,Rural,7852962055.0,0.2989616135093069
RIC***987,861***1.0,Retail,N - Accident,N05 - IND CIRC,36.83,Quarterly,D = 40-69,Physical person,FLA,VOV,Urban,WAL,WHT,Rural,8683563283.0,0.2989445813372869
HYT***132,933***8.0,Retail,I - Property,I01 - HABITAT.,136.6,Quarterly,D = 40-69,Physical person,WAL,WNA,Rural,WAL,WNA,Rural,9064359811.0,0.29867010051612053
GAJ***884,847***4.0,Retail,N - Accident,N05 - IND CIRC,64.62,Quarterly,C = 30-39,Physical person,WAL,WHT,Rural,WAL,WHT,Rural,5.01501686699999e+16,0.29861808312393334
SDX***323,859***2.0,Retail,N - Accident,N05 - IND CIRC,56.24,Quarterly,D = 40-69,Physical person,WAL,WLG,Rural,WAL,WLG,Rural,862298802.0,0.29838942814376235
HFA***064,829***7.0,Retail,A - Motor,A05 - CYCLO,199.71,Quarterly,D = 40-69,Physical person,WAL,WHT,Urban,WAL,WHT,Urban,1130272101.0,0.2983281526944212
JZS***926,434***0.0,Retail,N - Accident,N05 - IND CIRC,68.56,Quarterly,C = 30-39,Physical person,WAL,WHT,Urban,WAL,WHT,Rural,1369014668.0,0.29809272519451685
